{
  "DocumentMetadata": {
    "Pages": 1
  },
  "Blocks": [
    {
      "BlockType": "PAGE",
      "Geometry": {
        "BoundingBox": {
          "Width": 1,
          "Height": 1,
          "Left": 0,
          "Top": 0
        },
        "Polygon": [
          {
            "X": 1.2635244240932214e-17,
            "Y": 0
          },
          {
            "X": 1,
            "Y": 1.1869653743166986e-15
          },
          {
            "X": 1,
            "Y": 1
          },
          {
            "X": 0,
            "Y": 1
          }
        ]
      },
      "Id": "bf5a42d7-cec8-4c4e-9409-2a70c9f163ea",
      "Relationships": [
        {
          "Type": "CHILD",
          "Ids": [
            "487b28cb-5b48-4487-99ce-a0d58e896d4a",
            "96abb1fd-5890-4e4f-ae61-6a8c6a4d0876",
            "016bb06c-789d-4628-b39c-73e7301a1a37",
            "e9e352c0-b3de-4669-b147-6f91ffd3dfa8",
            "15a535d1-189e-4a2c-ae17-6659ce2a417d",
            "59771673-2e6e-4adf-b157-fbdc2f34c167",
            "656a1fae-3a60-4daf-952b-ef9709bd1e98",
            "47ca1f22-4da2-4abc-94b5-891eb5a2b96d",
            "363716d4-1bd7-4831-b2ea-486e75d31537",
            "f5e5aec1-df7a-430a-8861-4c049579918e",
            "f6b7644d-4f2d-4218-8b68-53d2e15ebd74",
            "e68b3966-127a-44ff-8443-a6d264ca722f",
            "e60d34ba-6d4b-4b90-9cae-2b60a3f0d98b"
          ]
        }
      ]
    },
    {
      "BlockType": "LINE",
      "Confidence": 78.20446014404297,
      "Text": "D_MUX_UOTXD_REG",
      "Geometry": {
        "BoundingBox": {
          "Width": 0.18584758043289185,
          "Height": 0.239689901471138,
          "Left": 0.0006049498915672302,
          "Top": 0.030257344245910645
        },
        "Polygon": [
          {
            "X": 0.0006049498915672302,
            "Y": 0.030257344245910645
          },
          {
            "X": 0.18645253777503967,
            "Y": 0.030257344245910645
          },
          {
            "X": 0.18645253777503967,
            "Y": 0.26994726061820984
          },
          {
            "X": 0.0006049498915672302,
            "Y": 0.26994726061820984
          }
        ]
      },
      "Id": "487b28cb-5b48-4487-99ce-a0d58e896d4a",
      "Relationships": [
        {
          "Type": "CHILD",
          "Ids": [
            "44905278-6dc1-4204-9822-940471c998e3"
          ]
        }
      ]
    },
    {
      "BlockType": "LINE",
      "Confidence": 99.42511749267578,
      "Text": "Configuration register for pad UOTXD",
      "Geometry": {
        "BoundingBox": {
          "Width": 0.3317059576511383,
          "Height": 0.23543712496757507,
          "Left": 0.30972495675086975,
          "Top": 0.03477371111512184
        },
        "Polygon": [
          {
            "X": 0.30972495675086975,
            "Y": 0.03477371111512184
          },
          {
            "X": 0.6414309144020081,
            "Y": 0.03477371111512184
          },
          {
            "X": 0.6414309144020081,
            "Y": 0.2702108323574066
          },
          {
            "X": 0.30972495675086975,
            "Y": 0.2702108323574066
          }
        ]
      },
      "Id": "96abb1fd-5890-4e4f-ae61-6a8c6a4d0876",
      "Relationships": [
        {
          "Type": "CHILD",
          "Ids": [
            "bf556c64-251f-495e-ad0a-41dd6e6259b4",
            "24011b10-9294-464e-8bf4-d0d89bbf0868",
            "7b1f607e-fd1a-493c-97fb-231e5127b03e",
            "05860b5d-13da-4652-b4f2-3932e244bcb0",
            "ea85bac7-d98f-4e71-b5fc-a2562bf37436"
          ]
        }
      ]
    },
    {
      "BlockType": "LINE",
      "Confidence": 69.42890930175781,
      "Text": "0x3FF49088",
      "Geometry": {
        "BoundingBox": {
          "Width": 0.1149347722530365,
          "Height": 0.18448857963085175,
          "Left": 0.7776519656181335,
          "Top": 0.044092144817113876
        },
        "Polygon": [
          {
            "X": 0.7776519656181335,
            "Y": 0.044092144817113876
          },
          {
            "X": 0.8925867676734924,
            "Y": 0.044092144817113876
          },
          {
            "X": 0.8925867676734924,
            "Y": 0.22858071327209473
          },
          {
            "X": 0.7776519656181335,
            "Y": 0.22858071327209473
          }
        ]
      },
      "Id": "016bb06c-789d-4628-b39c-73e7301a1a37",
      "Relationships": [
        {
          "Type": "CHILD",
          "Ids": [
            "619fa2db-8e67-4625-8ded-bf0faa0a6bc2"
          ]
        }
      ]
    },
    {
      "BlockType": "LINE",
      "Confidence": 99.39800262451172,
      "Text": "R/W",
      "Geometry": {
        "BoundingBox": {
          "Width": 0.0421731136739254,
          "Height": 0.18561828136444092,
          "Left": 0.9217881560325623,
          "Top": 0.040827009826898575
        },
        "Polygon": [
          {
            "X": 0.9217881560325623,
            "Y": 0.040827009826898575
          },
          {
            "X": 0.9639612436294556,
            "Y": 0.040827009826898575
          },
          {
            "X": 0.9639612436294556,
            "Y": 0.2264453023672104
          },
          {
            "X": 0.9217881560325623,
            "Y": 0.2264453023672104
          }
        ]
      },
      "Id": "e9e352c0-b3de-4669-b147-6f91ffd3dfa8",
      "Relationships": [
        {
          "Type": "CHILD",
          "Ids": [
            "3589c624-0adb-40b5-9452-3254c166e355"
          ]
        }
      ]
    },
    {
      "BlockType": "LINE",
      "Confidence": 91.0887451171875,
      "Text": "D_MUX_GPIO23_REG",
      "Geometry": {
        "BoundingBox": {
          "Width": 0.1983398199081421,
          "Height": 0.21981972455978394,
          "Left": 0.0004292204976081848,
          "Top": 0.36950165033340454
        },
        "Polygon": [
          {
            "X": 0.0004292204976081848,
            "Y": 0.36950165033340454
          },
          {
            "X": 0.19876903295516968,
            "Y": 0.36950165033340454
          },
          {
            "X": 0.19876903295516968,
            "Y": 0.5893213748931885
          },
          {
            "X": 0.0004292204976081848,
            "Y": 0.5893213748931885
          }
        ]
      },
      "Id": "15a535d1-189e-4a2c-ae17-6659ce2a417d",
      "Relationships": [
        {
          "Type": "CHILD",
          "Ids": [
            "6c686689-2c72-4a0a-98d8-16a85d5684f5"
          ]
        }
      ]
    },
    {
      "BlockType": "LINE",
      "Confidence": 98.64327239990234,
      "Text": "Configuration register for pad GPIO23",
      "Geometry": {
        "BoundingBox": {
          "Width": 0.3392289876937866,
          "Height": 0.2277444452047348,
          "Left": 0.3100387156009674,
          "Top": 0.37540075182914734
        },
        "Polygon": [
          {
            "X": 0.3100387156009674,
            "Y": 0.37540075182914734
          },
          {
            "X": 0.6492676734924316,
            "Y": 0.37540075182914734
          },
          {
            "X": 0.6492676734924316,
            "Y": 0.603145182132721
          },
          {
            "X": 0.3100387156009674,
            "Y": 0.603145182132721
          }
        ]
      },
      "Id": "59771673-2e6e-4adf-b157-fbdc2f34c167",
      "Relationships": [
        {
          "Type": "CHILD",
          "Ids": [
            "012567c5-5afb-43db-be5f-305e1d00456f",
            "907a4b7c-b100-4f52-bfde-1ad6aebae2e1",
            "f09e575f-374c-415f-90bc-417bd5be175a",
            "307bf7f3-b49e-4757-9a32-44a36b196039",
            "333dc0d7-07ba-404d-ad08-151010fcaa6e"
          ]
        }
      ]
    },
    {
      "BlockType": "LINE",
      "Confidence": 78.95186614990234,
      "Text": "0x3FF4908C",
      "Geometry": {
        "BoundingBox": {
          "Width": 0.11836686730384827,
          "Height": 0.18247880041599274,
          "Left": 0.777746319770813,
          "Top": 0.3813783824443817
        },
        "Polygon": [
          {
            "X": 0.777746319770813,
            "Y": 0.3813783824443817
          },
          {
            "X": 0.8961131572723389,
            "Y": 0.3813783824443817
          },
          {
            "X": 0.8961131572723389,
            "Y": 0.5638571977615356
          },
          {
            "X": 0.777746319770813,
            "Y": 0.5638571977615356
          }
        ]
      },
      "Id": "656a1fae-3a60-4daf-952b-ef9709bd1e98",
      "Relationships": [
        {
          "Type": "CHILD",
          "Ids": [
            "6c5a7edf-d911-490b-a817-e57353284b8a"
          ]
        }
      ]
    },
    {
      "BlockType": "LINE",
      "Confidence": 99.26905059814453,
      "Text": "R/W",
      "Geometry": {
        "BoundingBox": {
          "Width": 0.04277700558304787,
          "Height": 0.2010367512702942,
          "Left": 0.921912431716919,
          "Top": 0.3656896948814392
        },
        "Polygon": [
          {
            "X": 0.921912431716919,
            "Y": 0.3656896948814392
          },
          {
            "X": 0.9646894931793213,
            "Y": 0.3656896948814392
          },
          {
            "X": 0.9646894931793213,
            "Y": 0.5667264461517334
          },
          {
            "X": 0.921912431716919,
            "Y": 0.5667264461517334
          }
        ]
      },
      "Id": "47ca1f22-4da2-4abc-94b5-891eb5a2b96d",
      "Relationships": [
        {
          "Type": "CHILD",
          "Ids": [
            "617b0712-bc5a-4bfd-bbf8-e2123b7d0f7d"
          ]
        }
      ]
    },
    {
      "BlockType": "LINE",
      "Confidence": 92.40100860595703,
      "Text": "D_MUX_GPIO24_REG",
      "Geometry": {
        "BoundingBox": {
          "Width": 0.19865715503692627,
          "Height": 0.22527103126049042,
          "Left": 0,
          "Top": 0.693017840385437
        },
        "Polygon": [
          {
            "X": 0,
            "Y": 0.693017840385437
          },
          {
            "X": 0.19865715503692627,
            "Y": 0.693017840385437
          },
          {
            "X": 0.19865715503692627,
            "Y": 0.9182888865470886
          },
          {
            "X": 0,
            "Y": 0.9182888865470886
          }
        ]
      },
      "Id": "363716d4-1bd7-4831-b2ea-486e75d31537",
      "Relationships": [
        {
          "Type": "CHILD",
          "Ids": [
            "a1122856-e30e-4d3e-aa22-3ab8bee35df9"
          ]
        }
      ]
    },
    {
      "BlockType": "LINE",
      "Confidence": 99.01043701171875,
      "Text": "Configuration register for pad GPIO24",
      "Geometry": {
        "BoundingBox": {
          "Width": 0.3391912877559662,
          "Height": 0.22880837321281433,
          "Left": 0.3097590506076813,
          "Top": 0.698217511177063
        },
        "Polygon": [
          {
            "X": 0.3097590506076813,
            "Y": 0.698217511177063
          },
          {
            "X": 0.6489503383636475,
            "Y": 0.698217511177063
          },
          {
            "X": 0.6489503383636475,
            "Y": 0.9270259141921997
          },
          {
            "X": 0.3097590506076813,
            "Y": 0.9270259141921997
          }
        ]
      },
      "Id": "f5e5aec1-df7a-430a-8861-4c049579918e",
      "Relationships": [
        {
          "Type": "CHILD",
          "Ids": [
            "517525a9-4803-4fac-a07d-8aaf7aad7b39",
            "b2c93d81-9238-4e29-ba89-19f9eb289727",
            "8c8c4583-90b7-4aaf-a07a-76b3b9d2a152",
            "2d95c1d2-0d39-46d6-a0be-169c8282194b",
            "b7fca2a6-2949-4197-a2ec-c748edfb592d"
          ]
        }
      ]
    },
    {
      "BlockType": "LINE",
      "Confidence": 69.88616180419922,
      "Text": "0x3FF49090",
      "Geometry": {
        "BoundingBox": {
          "Width": 0.1158231720328331,
          "Height": 0.18979473412036896,
          "Left": 0.7778165936470032,
          "Top": 0.6998583674430847
        },
        "Polygon": [
          {
            "X": 0.7778165936470032,
            "Y": 0.6998583674430847
          },
          {
            "X": 0.8936398029327393,
            "Y": 0.6998583674430847
          },
          {
            "X": 0.8936398029327393,
            "Y": 0.8896531462669373
          },
          {
            "X": 0.7778165936470032,
            "Y": 0.8896531462669373
          }
        ]
      },
      "Id": "f6b7644d-4f2d-4218-8b68-53d2e15ebd74",
      "Relationships": [
        {
          "Type": "CHILD",
          "Ids": [
            "8984b754-f23e-4b49-b2c0-51befa69ac32"
          ]
        }
      ]
    },
    {
      "BlockType": "LINE",
      "Confidence": 99.17318725585938,
      "Text": "R/W",
      "Geometry": {
        "BoundingBox": {
          "Width": 0.041915327310562134,
          "Height": 0.17863909900188446,
          "Left": 0.9221412539482117,
          "Top": 0.7016979455947876
        },
        "Polygon": [
          {
            "X": 0.9221412539482117,
            "Y": 0.7016979455947876
          },
          {
            "X": 0.9640566110610962,
            "Y": 0.7016979455947876
          },
          {
            "X": 0.9640566110610962,
            "Y": 0.8803370594978333
          },
          {
            "X": 0.9221412539482117,
            "Y": 0.8803370594978333
          }
        ]
      },
      "Id": "e68b3966-127a-44ff-8443-a6d264ca722f",
      "Relationships": [
        {
          "Type": "CHILD",
          "Ids": [
            "d111a5c3-b7d3-4d92-8804-1d96d87f3b12"
          ]
        }
      ]
    },
    {
      "BlockType": "WORD",
      "Confidence": 78.20446014404297,
      "Text": "D_MUX_UOTXD_REG",
      "TextType": "PRINTED",
      "Geometry": {
        "BoundingBox": {
          "Width": 0.18584758043289185,
          "Height": 0.239689901471138,
          "Left": 0.0006049498915672302,
          "Top": 0.030257344245910645
        },
        "Polygon": [
          {
            "X": 0.0006049498915672302,
            "Y": 0.030257344245910645
          },
          {
            "X": 0.18645253777503967,
            "Y": 0.030257344245910645
          },
          {
            "X": 0.18645253777503967,
            "Y": 0.26994726061820984
          },
          {
            "X": 0.0006049498915672302,
            "Y": 0.26994726061820984
          }
        ]
      },
      "Id": "44905278-6dc1-4204-9822-940471c998e3"
    },
    {
      "BlockType": "WORD",
      "Confidence": 99.445556640625,
      "Text": "Configuration",
      "TextType": "PRINTED",
      "Geometry": {
        "BoundingBox": {
          "Width": 0.12117056548595428,
          "Height": 0.23206526041030884,
          "Left": 0.30972495675086975,
          "Top": 0.035532861948013306
        },
        "Polygon": [
          {
            "X": 0.30972495675086975,
            "Y": 0.035532861948013306
          },
          {
            "X": 0.43089553713798523,
            "Y": 0.035532861948013306
          },
          {
            "X": 0.43089553713798523,
            "Y": 0.26759812235832214
          },
          {
            "X": 0.30972495675086975,
            "Y": 0.26759812235832214
          }
        ]
      },
      "Id": "bf556c64-251f-495e-ad0a-41dd6e6259b4"
    },
    {
      "BlockType": "WORD",
      "Confidence": 99.85892486572266,
      "Text": "register",
      "TextType": "PRINTED",
      "Geometry": {
        "BoundingBox": {
          "Width": 0.0682758167386055,
          "Height": 0.2269376963376999,
          "Left": 0.43456488847732544,
          "Top": 0.04193585366010666
        },
        "Polygon": [
          {
            "X": 0.43456488847732544,
            "Y": 0.04193585366010666
          },
          {
            "X": 0.5028406977653503,
            "Y": 0.04193585366010666
          },
          {
            "X": 0.5028406977653503,
            "Y": 0.26887354254722595
          },
          {
            "X": 0.43456488847732544,
            "Y": 0.26887354254722595
          }
        ]
      },
      "Id": "24011b10-9294-464e-8bf4-d0d89bbf0868"
    },
    {
      "BlockType": "WORD",
      "Confidence": 99.98968505859375,
      "Text": "for",
      "TextType": "PRINTED",
      "Geometry": {
        "BoundingBox": {
          "Width": 0.027564235031604767,
          "Height": 0.19550423324108124,
          "Left": 0.5052927732467651,
          "Top": 0.03477371111512184
        },
        "Polygon": [
          {
            "X": 0.5052927732467651,
            "Y": 0.03477371111512184
          },
          {
            "X": 0.5328570008277893,
            "Y": 0.03477371111512184
          },
          {
            "X": 0.5328570008277893,
            "Y": 0.23027794063091278
          },
          {
            "X": 0.5052927732467651,
            "Y": 0.23027794063091278
          }
        ]
      },
      "Id": "7b1f607e-fd1a-493c-97fb-231e5127b03e"
    },
    {
      "BlockType": "WORD",
      "Confidence": 99.73987579345703,
      "Text": "pad",
      "TextType": "PRINTED",
      "Geometry": {
        "BoundingBox": {
          "Width": 0.0365549735724926,
          "Height": 0.2293579876422882,
          "Left": 0.5355058908462524,
          "Top": 0.04085284471511841
        },
        "Polygon": [
          {
            "X": 0.5355058908462524,
            "Y": 0.04085284471511841
          },
          {
            "X": 0.5720608830451965,
            "Y": 0.04085284471511841
          },
          {
            "X": 0.5720608830451965,
            "Y": 0.2702108323574066
          },
          {
            "X": 0.5355058908462524,
            "Y": 0.2702108323574066
          }
        ]
      },
      "Id": "05860b5d-13da-4652-b4f2-3932e244bcb0"
    },
    {
      "BlockType": "WORD",
      "Confidence": 98.09154510498047,
      "Text": "UOTXD",
      "TextType": "PRINTED",
      "Geometry": {
        "BoundingBox": {
          "Width": 0.06555934995412827,
          "Height": 0.18701429665088654,
          "Left": 0.5758715867996216,
          "Top": 0.04111067205667496
        },
        "Polygon": [
          {
            "X": 0.5758715867996216,
            "Y": 0.04111067205667496
          },
          {
            "X": 0.6414309144020081,
            "Y": 0.04111067205667496
          },
          {
            "X": 0.6414309144020081,
            "Y": 0.2281249612569809
          },
          {
            "X": 0.5758715867996216,
            "Y": 0.2281249612569809
          }
        ]
      },
      "Id": "ea85bac7-d98f-4e71-b5fc-a2562bf37436"
    },
    {
      "BlockType": "WORD",
      "Confidence": 69.42890930175781,
      "Text": "0x3FF49088",
      "TextType": "PRINTED",
      "Geometry": {
        "BoundingBox": {
          "Width": 0.1149347722530365,
          "Height": 0.18448857963085175,
          "Left": 0.7776519656181335,
          "Top": 0.044092144817113876
        },
        "Polygon": [
          {
            "X": 0.7776519656181335,
            "Y": 0.044092144817113876
          },
          {
            "X": 0.8925867676734924,
            "Y": 0.044092144817113876
          },
          {
            "X": 0.8925867676734924,
            "Y": 0.22858071327209473
          },
          {
            "X": 0.7776519656181335,
            "Y": 0.22858071327209473
          }
        ]
      },
      "Id": "619fa2db-8e67-4625-8ded-bf0faa0a6bc2"
    },
    {
      "BlockType": "WORD",
      "Confidence": 99.39800262451172,
      "Text": "R/W",
      "TextType": "PRINTED",
      "Geometry": {
        "BoundingBox": {
          "Width": 0.0421731136739254,
          "Height": 0.18561828136444092,
          "Left": 0.9217881560325623,
          "Top": 0.040827009826898575
        },
        "Polygon": [
          {
            "X": 0.9217881560325623,
            "Y": 0.040827009826898575
          },
          {
            "X": 0.9639612436294556,
            "Y": 0.040827009826898575
          },
          {
            "X": 0.9639612436294556,
            "Y": 0.2264453023672104
          },
          {
            "X": 0.9217881560325623,
            "Y": 0.2264453023672104
          }
        ]
      },
      "Id": "3589c624-0adb-40b5-9452-3254c166e355"
    },
    {
      "BlockType": "WORD",
      "Confidence": 91.0887451171875,
      "Text": "D_MUX_GPIO23_REG",
      "TextType": "PRINTED",
      "Geometry": {
        "BoundingBox": {
          "Width": 0.1983398199081421,
          "Height": 0.21981972455978394,
          "Left": 0.0004292204976081848,
          "Top": 0.36950165033340454
        },
        "Polygon": [
          {
            "X": 0.0004292204976081848,
            "Y": 0.36950165033340454
          },
          {
            "X": 0.19876903295516968,
            "Y": 0.36950165033340454
          },
          {
            "X": 0.19876903295516968,
            "Y": 0.5893213748931885
          },
          {
            "X": 0.0004292204976081848,
            "Y": 0.5893213748931885
          }
        ]
      },
      "Id": "6c686689-2c72-4a0a-98d8-16a85d5684f5"
    },
    {
      "BlockType": "WORD",
      "Confidence": 99.41722869873047,
      "Text": "Configuration",
      "TextType": "PRINTED",
      "Geometry": {
        "BoundingBox": {
          "Width": 0.12161987274885178,
          "Height": 0.22657521069049835,
          "Left": 0.3100387156009674,
          "Top": 0.3765699863433838
        },
        "Polygon": [
          {
            "X": 0.3100387156009674,
            "Y": 0.3765699863433838
          },
          {
            "X": 0.4316585958003998,
            "Y": 0.3765699863433838
          },
          {
            "X": 0.4316585958003998,
            "Y": 0.603145182132721
          },
          {
            "X": 0.3100387156009674,
            "Y": 0.603145182132721
          }
        ]
      },
      "Id": "012567c5-5afb-43db-be5f-305e1d00456f"
    },
    {
      "BlockType": "WORD",
      "Confidence": 99.86917877197266,
      "Text": "register",
      "TextType": "PRINTED",
      "Geometry": {
        "BoundingBox": {
          "Width": 0.06899261474609375,
          "Height": 0.2234553098678589,
          "Left": 0.4343108832836151,
          "Top": 0.37877607345581055
        },
        "Polygon": [
          {
            "X": 0.4343108832836151,
            "Y": 0.37877607345581055
          },
          {
            "X": 0.5033034682273865,
            "Y": 0.37877607345581055
          },
          {
            "X": 0.5033034682273865,
            "Y": 0.6022313833236694
          },
          {
            "X": 0.4343108832836151,
            "Y": 0.6022313833236694
          }
        ]
      },
      "Id": "907a4b7c-b100-4f52-bfde-1ad6aebae2e1"
    },
    {
      "BlockType": "WORD",
      "Confidence": 99.99107360839844,
      "Text": "for",
      "TextType": "PRINTED",
      "Geometry": {
        "BoundingBox": {
          "Width": 0.027941426262259483,
          "Height": 0.18875958025455475,
          "Left": 0.5054618120193481,
          "Top": 0.37644752860069275
        },
        "Polygon": [
          {
            "X": 0.5054618120193481,
            "Y": 0.37644752860069275
          },
          {
            "X": 0.533403217792511,
            "Y": 0.37644752860069275
          },
          {
            "X": 0.533403217792511,
            "Y": 0.5652071237564087
          },
          {
            "X": 0.5054618120193481,
            "Y": 0.5652071237564087
          }
        ]
      },
      "Id": "f09e575f-374c-415f-90bc-417bd5be175a"
    },
    {
      "BlockType": "WORD",
      "Confidence": 99.6863021850586,
      "Text": "pad",
      "TextType": "PRINTED",
      "Geometry": {
        "BoundingBox": {
          "Width": 0.036522720009088516,
          "Height": 0.22185660898685455,
          "Left": 0.535322904586792,
          "Top": 0.37948811054229736
        },
        "Polygon": [
          {
            "X": 0.535322904586792,
            "Y": 0.37948811054229736
          },
          {
            "X": 0.5718455910682678,
            "Y": 0.37948811054229736
          },
          {
            "X": 0.5718455910682678,
            "Y": 0.6013447046279907
          },
          {
            "X": 0.535322904586792,
            "Y": 0.6013447046279907
          }
        ]
      },
      "Id": "307bf7f3-b49e-4757-9a32-44a36b196039"
    },
    {
      "BlockType": "WORD",
      "Confidence": 94.25259399414062,
      "Text": "GPIO23",
      "TextType": "PRINTED",
      "Geometry": {
        "BoundingBox": {
          "Width": 0.07374665886163712,
          "Height": 0.18925826251506805,
          "Left": 0.5755210518836975,
          "Top": 0.37540075182914734
        },
        "Polygon": [
          {
            "X": 0.5755210518836975,
            "Y": 0.37540075182914734
          },
          {
            "X": 0.6492676734924316,
            "Y": 0.37540075182914734
          },
          {
            "X": 0.6492676734924316,
            "Y": 0.5646589994430542
          },
          {
            "X": 0.5755210518836975,
            "Y": 0.5646589994430542
          }
        ]
      },
      "Id": "333dc0d7-07ba-404d-ad08-151010fcaa6e"
    },
    {
      "BlockType": "WORD",
      "Confidence": 78.95186614990234,
      "Text": "0x3FF4908C",
      "TextType": "PRINTED",
      "Geometry": {
        "BoundingBox": {
          "Width": 0.11836686730384827,
          "Height": 0.18247880041599274,
          "Left": 0.777746319770813,
          "Top": 0.3813783824443817
        },
        "Polygon": [
          {
            "X": 0.777746319770813,
            "Y": 0.3813783824443817
          },
          {
            "X": 0.8961131572723389,
            "Y": 0.3813783824443817
          },
          {
            "X": 0.8961131572723389,
            "Y": 0.5638571977615356
          },
          {
            "X": 0.777746319770813,
            "Y": 0.5638571977615356
          }
        ]
      },
      "Id": "6c5a7edf-d911-490b-a817-e57353284b8a"
    },
    {
      "BlockType": "WORD",
      "Confidence": 99.26905059814453,
      "Text": "R/W",
      "TextType": "PRINTED",
      "Geometry": {
        "BoundingBox": {
          "Width": 0.04277700558304787,
          "Height": 0.2010367512702942,
          "Left": 0.921912431716919,
          "Top": 0.3656896948814392
        },
        "Polygon": [
          {
            "X": 0.921912431716919,
            "Y": 0.3656896948814392
          },
          {
            "X": 0.9646894931793213,
            "Y": 0.3656896948814392
          },
          {
            "X": 0.9646894931793213,
            "Y": 0.5667264461517334
          },
          {
            "X": 0.921912431716919,
            "Y": 0.5667264461517334
          }
        ]
      },
      "Id": "617b0712-bc5a-4bfd-bbf8-e2123b7d0f7d"
    },
    {
      "BlockType": "WORD",
      "Confidence": 92.40100860595703,
      "Text": "D_MUX_GPIO24_REG",
      "TextType": "PRINTED",
      "Geometry": {
        "BoundingBox": {
          "Width": 0.19865715503692627,
          "Height": 0.22527103126049042,
          "Left": 0,
          "Top": 0.693017840385437
        },
        "Polygon": [
          {
            "X": 0,
            "Y": 0.693017840385437
          },
          {
            "X": 0.19865715503692627,
            "Y": 0.693017840385437
          },
          {
            "X": 0.19865715503692627,
            "Y": 0.9182888865470886
          },
          {
            "X": 0,
            "Y": 0.9182888865470886
          }
        ]
      },
      "Id": "a1122856-e30e-4d3e-aa22-3ab8bee35df9"
    },
    {
      "BlockType": "WORD",
      "Confidence": 99.41595458984375,
      "Text": "Configuration",
      "TextType": "PRINTED",
      "Geometry": {
        "BoundingBox": {
          "Width": 0.12080175429582596,
          "Height": 0.22880837321281433,
          "Left": 0.3097590506076813,
          "Top": 0.698217511177063
        },
        "Polygon": [
          {
            "X": 0.3097590506076813,
            "Y": 0.698217511177063
          },
          {
            "X": 0.43056079745292664,
            "Y": 0.698217511177063
          },
          {
            "X": 0.43056079745292664,
            "Y": 0.9270259141921997
          },
          {
            "X": 0.3097590506076813,
            "Y": 0.9270259141921997
          }
        ]
      },
      "Id": "517525a9-4803-4fac-a07d-8aaf7aad7b39"
    },
    {
      "BlockType": "WORD",
      "Confidence": 99.87068939208984,
      "Text": "register",
      "TextType": "PRINTED",
      "Geometry": {
        "BoundingBox": {
          "Width": 0.06830508261919022,
          "Height": 0.2242502123117447,
          "Left": 0.43447285890579224,
          "Top": 0.701593816280365
        },
        "Polygon": [
          {
            "X": 0.43447285890579224,
            "Y": 0.701593816280365
          },
          {
            "X": 0.5027779340744019,
            "Y": 0.701593816280365
          },
          {
            "X": 0.5027779340744019,
            "Y": 0.9258440732955933
          },
          {
            "X": 0.43447285890579224,
            "Y": 0.9258440732955933
          }
        ]
      },
      "Id": "b2c93d81-9238-4e29-ba89-19f9eb289727"
    },
    {
      "BlockType": "WORD",
      "Confidence": 99.98983764648438,
      "Text": "for",
      "TextType": "PRINTED",
      "Geometry": {
        "BoundingBox": {
          "Width": 0.02700393833220005,
          "Height": 0.1859130859375,
          "Left": 0.5056222081184387,
          "Top": 0.6998799443244934
        },
        "Polygon": [
          {
            "X": 0.5056222081184387,
            "Y": 0.6998799443244934
          },
          {
            "X": 0.5326261520385742,
            "Y": 0.6998799443244934
          },
          {
            "X": 0.5326261520385742,
            "Y": 0.8857930302619934
          },
          {
            "X": 0.5056222081184387,
            "Y": 0.8857930302619934
          }
        ]
      },
      "Id": "8c8c4583-90b7-4aaf-a07a-76b3b9d2a152"
    },
    {
      "BlockType": "WORD",
      "Confidence": 98.95683288574219,
      "Text": "pad",
      "TextType": "PRINTED",
      "Geometry": {
        "BoundingBox": {
          "Width": 0.03676310554146767,
          "Height": 0.2182072401046753,
          "Left": 0.5353296995162964,
          "Top": 0.7040455937385559
        },
        "Polygon": [
          {
            "X": 0.5353296995162964,
            "Y": 0.7040455937385559
          },
          {
            "X": 0.5720928311347961,
            "Y": 0.7040455937385559
          },
          {
            "X": 0.5720928311347961,
            "Y": 0.9222528338432312
          },
          {
            "X": 0.5353296995162964,
            "Y": 0.9222528338432312
          }
        ]
      },
      "Id": "2d95c1d2-0d39-46d6-a0be-169c8282194b"
    },
    {
      "BlockType": "WORD",
      "Confidence": 96.81887817382812,
      "Text": "GPIO24",
      "TextType": "PRINTED",
      "Geometry": {
        "BoundingBox": {
          "Width": 0.07353024929761887,
          "Height": 0.1880602240562439,
          "Left": 0.575420081615448,
          "Top": 0.6988303661346436
        },
        "Polygon": [
          {
            "X": 0.575420081615448,
            "Y": 0.6988303661346436
          },
          {
            "X": 0.6489503383636475,
            "Y": 0.6988303661346436
          },
          {
            "X": 0.6489503383636475,
            "Y": 0.8868905901908875
          },
          {
            "X": 0.575420081615448,
            "Y": 0.8868905901908875
          }
        ]
      },
      "Id": "b7fca2a6-2949-4197-a2ec-c748edfb592d"
    },
    {
      "BlockType": "WORD",
      "Confidence": 69.88616180419922,
      "Text": "0x3FF49090",
      "TextType": "PRINTED",
      "Geometry": {
        "BoundingBox": {
          "Width": 0.1158231720328331,
          "Height": 0.18979473412036896,
          "Left": 0.7778165936470032,
          "Top": 0.6998583674430847
        },
        "Polygon": [
          {
            "X": 0.7778165936470032,
            "Y": 0.6998583674430847
          },
          {
            "X": 0.8936398029327393,
            "Y": 0.6998583674430847
          },
          {
            "X": 0.8936398029327393,
            "Y": 0.8896531462669373
          },
          {
            "X": 0.7778165936470032,
            "Y": 0.8896531462669373
          }
        ]
      },
      "Id": "8984b754-f23e-4b49-b2c0-51befa69ac32"
    },
    {
      "BlockType": "WORD",
      "Confidence": 99.17318725585938,
      "Text": "R/W",
      "TextType": "PRINTED",
      "Geometry": {
        "BoundingBox": {
          "Width": 0.041915327310562134,
          "Height": 0.17863909900188446,
          "Left": 0.9221412539482117,
          "Top": 0.7016979455947876
        },
        "Polygon": [
          {
            "X": 0.9221412539482117,
            "Y": 0.7016979455947876
          },
          {
            "X": 0.9640566110610962,
            "Y": 0.7016979455947876
          },
          {
            "X": 0.9640566110610962,
            "Y": 0.8803370594978333
          },
          {
            "X": 0.9221412539482117,
            "Y": 0.8803370594978333
          }
        ]
      },
      "Id": "d111a5c3-b7d3-4d92-8804-1d96d87f3b12"
    },
    {
      "BlockType": "TABLE",
      "Confidence": 97.66803741455078,
      "Geometry": {
        "BoundingBox": {
          "Width": 0.9926636219024658,
          "Height": 0.9435567855834961,
          "Left": 0.0020430979784578085,
          "Top": 0
        },
        "Polygon": [
          {
            "X": 0.0020430979784578085,
            "Y": 0
          },
          {
            "X": 0.9947067499160767,
            "Y": 1.1743995346650627e-15
          },
          {
            "X": 0.9947067499160767,
            "Y": 0.9435567855834961
          },
          {
            "X": 0.0020430979784578085,
            "Y": 0.9435567855834961
          }
        ]
      },
      "Id": "e60d34ba-6d4b-4b90-9cae-2b60a3f0d98b",
      "Relationships": [
        {
          "Type": "CHILD",
          "Ids": [
            "aecad654-aeb9-4a0d-bdc2-fce095744b6d",
            "b3a2b5af-5296-4ae8-bcf4-69ad1e3806f7",
            "7d46c964-8f15-4f69-a666-ebc1f1670ddc",
            "928bb5e5-867a-499e-aaca-ee769fbeed20",
            "03a6c312-50e2-4b7e-96c4-fe56b9b75fd8",
            "c7eb9acc-bfdf-43ca-8df5-c1e3c00eebcb",
            "45de9cf0-02d6-4bc1-b01d-28289fad7a78",
            "9f99e8c1-ca88-4403-b78a-d5d695864a01",
            "bba9d9b8-0f24-483f-8a46-e7be2aab57d5",
            "eb16fce3-c7fb-4eae-bd2b-d74cece37104",
            "d2273ae9-297f-4f60-a7d1-cb078ce764a4",
            "1620ba53-1497-4a2a-9e05-fead97aa5d55"
          ]
        }
      ]
    },
    {
      "BlockType": "CELL",
      "Confidence": 91.48662567138672,
      "RowIndex": 1,
      "ColumnIndex": 1,
      "RowSpan": 1,
      "ColumnSpan": 1,
      "Geometry": {
        "BoundingBox": {
          "Width": 0.2982214391231537,
          "Height": 0.3076923191547394,
          "Left": 0.0020430979784578085,
          "Top": 0
        },
        "Polygon": [
          {
            "X": 0.0020430979784578085,
            "Y": 0
          },
          {
            "X": 0.30026453733444214,
            "Y": 0
          },
          {
            "X": 0.30026453733444214,
            "Y": 0.3076923191547394
          },
          {
            "X": 0.0020430979784578085,
            "Y": 0.3076923191547394
          }
        ]
      },
      "Id": "aecad654-aeb9-4a0d-bdc2-fce095744b6d",
      "Relationships": [
        {
          "Type": "CHILD",
          "Ids": [
            "44905278-6dc1-4204-9822-940471c998e3"
          ]
        }
      ]
    },
    {
      "BlockType": "CELL",
      "Confidence": 92.46546936035156,
      "RowIndex": 1,
      "ColumnIndex": 2,
      "RowSpan": 1,
      "ColumnSpan": 1,
      "Geometry": {
        "BoundingBox": {
          "Width": 0.4642857015132904,
          "Height": 0.3076923191547394,
          "Left": 0.30026453733444214,
          "Top": 0
        },
        "Polygon": [
          {
            "X": 0.30026453733444214,
            "Y": 0
          },
          {
            "X": 0.7645502686500549,
            "Y": 6.2802400253311e-16
          },
          {
            "X": 0.7645502686500549,
            "Y": 0.3076923191547394
          },
          {
            "X": 0.30026453733444214,
            "Y": 0.3076923191547394
          }
        ]
      },
      "Id": "b3a2b5af-5296-4ae8-bcf4-69ad1e3806f7",
      "Relationships": [
        {
          "Type": "CHILD",
          "Ids": [
            "bf556c64-251f-495e-ad0a-41dd6e6259b4",
            "24011b10-9294-464e-8bf4-d0d89bbf0868",
            "7b1f607e-fd1a-493c-97fb-231e5127b03e",
            "05860b5d-13da-4652-b4f2-3932e244bcb0",
            "ea85bac7-d98f-4e71-b5fc-a2562bf37436"
          ]
        }
      ]
    },
    {
      "BlockType": "CELL",
      "Confidence": 91.84510803222656,
      "RowIndex": 1,
      "ColumnIndex": 3,
      "RowSpan": 1,
      "ColumnSpan": 1,
      "Geometry": {
        "BoundingBox": {
          "Width": 0.14417989552021027,
          "Height": 0.3076923191547394,
          "Left": 0.7645502686500549,
          "Top": 6.2802400253311e-16
        },
        "Polygon": [
          {
            "X": 0.7645502686500549,
            "Y": 6.2802400253311e-16
          },
          {
            "X": 0.908730149269104,
            "Y": 9.702970992661272e-16
          },
          {
            "X": 0.908730149269104,
            "Y": 0.3076923191547394
          },
          {
            "X": 0.7645502686500549,
            "Y": 0.3076923191547394
          }
        ]
      },
      "Id": "7d46c964-8f15-4f69-a666-ebc1f1670ddc",
      "Relationships": [
        {
          "Type": "CHILD",
          "Ids": [
            "619fa2db-8e67-4625-8ded-bf0faa0a6bc2"
          ]
        }
      ]
    },
    {
      "BlockType": "CELL",
      "Confidence": 81.697021484375,
      "RowIndex": 1,
      "ColumnIndex": 4,
      "RowSpan": 1,
      "ColumnSpan": 1,
      "Geometry": {
        "BoundingBox": {
          "Width": 0.08597657829523087,
          "Height": 0.3076923191547394,
          "Left": 0.908730149269104,
          "Top": 9.702970992661272e-16
        },
        "Polygon": [
          {
            "X": 0.908730149269104,
            "Y": 9.702970992661272e-16
          },
          {
            "X": 0.9947067499160767,
            "Y": 1.1743995346650627e-15
          },
          {
            "X": 0.9947067499160767,
            "Y": 0.3076923191547394
          },
          {
            "X": 0.908730149269104,
            "Y": 0.3076923191547394
          }
        ]
      },
      "Id": "928bb5e5-867a-499e-aaca-ee769fbeed20",
      "Relationships": [
        {
          "Type": "CHILD",
          "Ids": [
            "3589c624-0adb-40b5-9452-3254c166e355"
          ]
        }
      ]
    },
    {
      "BlockType": "CELL",
      "Confidence": 91.745361328125,
      "RowIndex": 2,
      "ColumnIndex": 1,
      "RowSpan": 1,
      "ColumnSpan": 1,
      "Geometry": {
        "BoundingBox": {
          "Width": 0.2982214391231537,
          "Height": 0.3076923191547394,
          "Left": 0.0020430979784578085,
          "Top": 0.3076923191547394
        },
        "Polygon": [
          {
            "X": 0.0020430979784578085,
            "Y": 0.3076923191547394
          },
          {
            "X": 0.30026453733444214,
            "Y": 0.3076923191547394
          },
          {
            "X": 0.30026453733444214,
            "Y": 0.6153846383094788
          },
          {
            "X": 0.0020430979784578085,
            "Y": 0.6153846383094788
          }
        ]
      },
      "Id": "03a6c312-50e2-4b7e-96c4-fe56b9b75fd8",
      "Relationships": [
        {
          "Type": "CHILD",
          "Ids": [
            "6c686689-2c72-4a0a-98d8-16a85d5684f5"
          ]
        }
      ]
    },
    {
      "BlockType": "CELL",
      "Confidence": 92.72698211669922,
      "RowIndex": 2,
      "ColumnIndex": 2,
      "RowSpan": 1,
      "ColumnSpan": 1,
      "Geometry": {
        "BoundingBox": {
          "Width": 0.4642857015132904,
          "Height": 0.3076923191547394,
          "Left": 0.30026453733444214,
          "Top": 0.3076923191547394
        },
        "Polygon": [
          {
            "X": 0.30026453733444214,
            "Y": 0.3076923191547394
          },
          {
            "X": 0.7645502686500549,
            "Y": 0.3076923191547394
          },
          {
            "X": 0.7645502686500549,
            "Y": 0.6153846383094788
          },
          {
            "X": 0.30026453733444214,
            "Y": 0.6153846383094788
          }
        ]
      },
      "Id": "c7eb9acc-bfdf-43ca-8df5-c1e3c00eebcb",
      "Relationships": [
        {
          "Type": "CHILD",
          "Ids": [
            "012567c5-5afb-43db-be5f-305e1d00456f",
            "907a4b7c-b100-4f52-bfde-1ad6aebae2e1",
            "f09e575f-374c-415f-90bc-417bd5be175a",
            "307bf7f3-b49e-4757-9a32-44a36b196039",
            "333dc0d7-07ba-404d-ad08-151010fcaa6e"
          ]
        }
      ]
    },
    {
      "BlockType": "CELL",
      "Confidence": 92.1048583984375,
      "RowIndex": 2,
      "ColumnIndex": 3,
      "RowSpan": 1,
      "ColumnSpan": 1,
      "Geometry": {
        "BoundingBox": {
          "Width": 0.14417989552021027,
          "Height": 0.3076923191547394,
          "Left": 0.7645502686500549,
          "Top": 0.3076923191547394
        },
        "Polygon": [
          {
            "X": 0.7645502686500549,
            "Y": 0.3076923191547394
          },
          {
            "X": 0.908730149269104,
            "Y": 0.3076923191547394
          },
          {
            "X": 0.908730149269104,
            "Y": 0.6153846383094788
          },
          {
            "X": 0.7645502686500549,
            "Y": 0.6153846383094788
          }
        ]
      },
      "Id": "45de9cf0-02d6-4bc1-b01d-28289fad7a78",
      "Relationships": [
        {
          "Type": "CHILD",
          "Ids": [
            "6c5a7edf-d911-490b-a817-e57353284b8a"
          ]
        }
      ]
    },
    {
      "BlockType": "CELL",
      "Confidence": 81.9280776977539,
      "RowIndex": 2,
      "ColumnIndex": 4,
      "RowSpan": 1,
      "ColumnSpan": 1,
      "Geometry": {
        "BoundingBox": {
          "Width": 0.08597657829523087,
          "Height": 0.3076923191547394,
          "Left": 0.908730149269104,
          "Top": 0.3076923191547394
        },
        "Polygon": [
          {
            "X": 0.908730149269104,
            "Y": 0.3076923191547394
          },
          {
            "X": 0.9947067499160767,
            "Y": 0.3076923191547394
          },
          {
            "X": 0.9947067499160767,
            "Y": 0.6153846383094788
          },
          {
            "X": 0.908730149269104,
            "Y": 0.6153846383094788
          }
        ]
      },
      "Id": "9f99e8c1-ca88-4403-b78a-d5d695864a01",
      "Relationships": [
        {
          "Type": "CHILD",
          "Ids": [
            "617b0712-bc5a-4bfd-bbf8-e2123b7d0f7d"
          ]
        }
      ]
    },
    {
      "BlockType": "CELL",
      "Confidence": 91.2171859741211,
      "RowIndex": 3,
      "ColumnIndex": 1,
      "RowSpan": 1,
      "ColumnSpan": 1,
      "Geometry": {
        "BoundingBox": {
          "Width": 0.2982214391231537,
          "Height": 0.32817214727401733,
          "Left": 0.0020430979784578085,
          "Top": 0.6153846383094788
        },
        "Polygon": [
          {
            "X": 0.0020430979784578085,
            "Y": 0.6153846383094788
          },
          {
            "X": 0.30026453733444214,
            "Y": 0.6153846383094788
          },
          {
            "X": 0.30026453733444214,
            "Y": 0.9435567855834961
          },
          {
            "X": 0.0020430979784578085,
            "Y": 0.9435567855834961
          }
        ]
      },
      "Id": "bba9d9b8-0f24-483f-8a46-e7be2aab57d5",
      "Relationships": [
        {
          "Type": "CHILD",
          "Ids": [
            "a1122856-e30e-4d3e-aa22-3ab8bee35df9"
          ]
        }
      ]
    },
    {
      "BlockType": "CELL",
      "Confidence": 92.19315338134766,
      "RowIndex": 3,
      "ColumnIndex": 2,
      "RowSpan": 1,
      "ColumnSpan": 1,
      "Geometry": {
        "BoundingBox": {
          "Width": 0.4642857015132904,
          "Height": 0.32817214727401733,
          "Left": 0.30026453733444214,
          "Top": 0.6153846383094788
        },
        "Polygon": [
          {
            "X": 0.30026453733444214,
            "Y": 0.6153846383094788
          },
          {
            "X": 0.7645502686500549,
            "Y": 0.6153846383094788
          },
          {
            "X": 0.7645502686500549,
            "Y": 0.9435567855834961
          },
          {
            "X": 0.30026453733444214,
            "Y": 0.9435567855834961
          }
        ]
      },
      "Id": "eb16fce3-c7fb-4eae-bd2b-d74cece37104",
      "Relationships": [
        {
          "Type": "CHILD",
          "Ids": [
            "517525a9-4803-4fac-a07d-8aaf7aad7b39",
            "b2c93d81-9238-4e29-ba89-19f9eb289727",
            "8c8c4583-90b7-4aaf-a07a-76b3b9d2a152",
            "2d95c1d2-0d39-46d6-a0be-169c8282194b",
            "b7fca2a6-2949-4197-a2ec-c748edfb592d"
          ]
        }
      ]
    },
    {
      "BlockType": "CELL",
      "Confidence": 91.5746078491211,
      "RowIndex": 3,
      "ColumnIndex": 3,
      "RowSpan": 1,
      "ColumnSpan": 1,
      "Geometry": {
        "BoundingBox": {
          "Width": 0.14417989552021027,
          "Height": 0.32817214727401733,
          "Left": 0.7645502686500549,
          "Top": 0.6153846383094788
        },
        "Polygon": [
          {
            "X": 0.7645502686500549,
            "Y": 0.6153846383094788
          },
          {
            "X": 0.908730149269104,
            "Y": 0.6153846383094788
          },
          {
            "X": 0.908730149269104,
            "Y": 0.9435567855834961
          },
          {
            "X": 0.7645502686500549,
            "Y": 0.9435567855834961
          }
        ]
      },
      "Id": "d2273ae9-297f-4f60-a7d1-cb078ce764a4",
      "Relationships": [
        {
          "Type": "CHILD",
          "Ids": [
            "8984b754-f23e-4b49-b2c0-51befa69ac32"
          ]
        }
      ]
    },
    {
      "BlockType": "CELL",
      "Confidence": 81.45641326904297,
      "RowIndex": 3,
      "ColumnIndex": 4,
      "RowSpan": 1,
      "ColumnSpan": 1,
      "Geometry": {
        "BoundingBox": {
          "Width": 0.08597657829523087,
          "Height": 0.32817214727401733,
          "Left": 0.908730149269104,
          "Top": 0.6153846383094788
        },
        "Polygon": [
          {
            "X": 0.908730149269104,
            "Y": 0.6153846383094788
          },
          {
            "X": 0.9947067499160767,
            "Y": 0.6153846383094788
          },
          {
            "X": 0.9947067499160767,
            "Y": 0.9435567855834961
          },
          {
            "X": 0.908730149269104,
            "Y": 0.9435567855834961
          }
        ]
      },
      "Id": "1620ba53-1497-4a2a-9e05-fead97aa5d55",
      "Relationships": [
        {
          "Type": "CHILD",
          "Ids": [
            "d111a5c3-b7d3-4d92-8804-1d96d87f3b12"
          ]
        }
      ]
    }
  ],
  "AnalyzeDocumentModelVersion": "1.0"
}