{
  "DocumentMetadata": {
    "Pages": 1
  },
  "Blocks": [
    {
      "BlockType": "PAGE",
      "Geometry": {
        "BoundingBox": {
          "Width": 1,
          "Height": 0.9976958632469177,
          "Left": 0,
          "Top": 0
        },
        "Polygon": [
          {
            "X": 2.739673804845851e-17,
            "Y": 0
          },
          {
            "X": 1,
            "Y": 0
          },
          {
            "X": 1,
            "Y": 0.9976958632469177
          },
          {
            "X": 0,
            "Y": 0.9976958632469177
          }
        ]
      },
      "Id": "235aa617-c1b2-463d-8974-9c5a1c8d6a28",
      "Relationships": [
        {
          "Type": "CHILD",
          "Ids": [
            "54dbcdf7-14ed-4d24-8a4c-c2297a13dd8b",
            "e80825e1-3826-4396-8ba2-55af3560c8a3",
            "34db7b1f-6f0a-4a2e-a4a5-73d492d50dfe",
            "b8c218c5-c009-40a9-ac10-2d745a8ac130",
            "f30311b7-1611-4fe2-834a-2a2d2e621112",
            "af909745-05ae-473d-9758-70bd09f5b92c",
            "1cc28600-79b9-446e-b045-532fa763babe",
            "66619861-1f92-49ec-986f-af7263ce7cbe",
            "d5af19b9-6f2b-4d78-b7dd-a97c87cf7262",
            "c3fd8230-b4be-40d2-8a84-9dff36d18e73",
            "cc37559c-e545-4ede-a4e4-0103647a0384",
            "0e631623-544c-4e68-a86b-95865ce2bcf7",
            "f5aa47ec-0bb1-42d5-a9d8-ad7c0b83babf",
            "db01d9ac-b557-4aeb-a748-fc55d1496d07",
            "f133a84c-643b-406a-8898-50815d60d58d"
          ]
        }
      ]
    },
    {
      "BlockType": "LINE",
      "Confidence": 99.9251937866211,
      "Text": "stores the difference between",
      "Geometry": {
        "BoundingBox": {
          "Width": 0.26460081338882446,
          "Height": 0.08300039172172546,
          "Left": 0.722804844379425,
          "Top": 0.013570812530815601
        },
        "Polygon": [
          {
            "X": 0.722804844379425,
            "Y": 0.013570812530815601
          },
          {
            "X": 0.9874056577682495,
            "Y": 0.013570812530815601
          },
          {
            "X": 0.9874056577682495,
            "Y": 0.09657120704650879
          },
          {
            "X": 0.722804844379425,
            "Y": 0.09657120704650879
          }
        ]
      },
      "Id": "54dbcdf7-14ed-4d24-8a4c-c2297a13dd8b",
      "Relationships": [
        {
          "Type": "CHILD",
          "Ids": [
            "1ab1147e-1687-4246-9147-ff65663e9982",
            "68053612-acb8-43eb-bc5d-5e54f33eef5f",
            "6ec43c48-d398-42ff-99c9-0f06b6614ce7",
            "67298de9-8fb0-4a03-9366-38a86a298564"
          ]
        }
      ]
    },
    {
      "BlockType": "LINE",
      "Confidence": 50.499046325683594,
      "Text": "dig_vol_l6",
      "Geometry": {
        "BoundingBox": {
          "Width": 0.09017694741487503,
          "Height": 0.10299104452133179,
          "Left": 0.004771735519170761,
          "Top": 0.15910010039806366
        },
        "Polygon": [
          {
            "X": 0.004771735519170761,
            "Y": 0.15910010039806366
          },
          {
            "X": 0.0949486792087555,
            "Y": 0.15910010039806366
          },
          {
            "X": 0.0949486792087555,
            "Y": 0.26209115982055664
          },
          {
            "X": 0.004771735519170761,
            "Y": 0.26209115982055664
          }
        ]
      },
      "Id": "e80825e1-3826-4396-8ba2-55af3560c8a3",
      "Relationships": [
        {
          "Type": "CHILD",
          "Ids": [
            "48cb6b62-50ef-4f6d-908b-2219ddd8dcfd"
          ]
        }
      ]
    },
    {
      "BlockType": "LINE",
      "Confidence": 99.89225006103516,
      "Text": "4",
      "Geometry": {
        "BoundingBox": {
          "Width": 0.013038367964327335,
          "Height": 0.07988962531089783,
          "Left": 0.2358030527830124,
          "Top": 0.1631411612033844
        },
        "Polygon": [
          {
            "X": 0.2358030527830124,
            "Y": 0.1631411612033844
          },
          {
            "X": 0.24884141981601715,
            "Y": 0.1631411612033844
          },
          {
            "X": 0.24884141981601715,
            "Y": 0.24303077161312103
          },
          {
            "X": 0.2358030527830124,
            "Y": 0.24303077161312103
          }
        ]
      },
      "Id": "34db7b1f-6f0a-4a2e-a4a5-73d492d50dfe",
      "Relationships": [
        {
          "Type": "CHILD",
          "Ids": [
            "ddeed129-0aa8-41cd-8429-dcb81b1cbc88"
          ]
        }
      ]
    },
    {
      "BlockType": "LINE",
      "Confidence": 99.83960723876953,
      "Text": "11",
      "Geometry": {
        "BoundingBox": {
          "Width": 0.019165541976690292,
          "Height": 0.08087839931249619,
          "Left": 0.3805041015148163,
          "Top": 0.16231292486190796
        },
        "Polygon": [
          {
            "X": 0.3805041015148163,
            "Y": 0.16231292486190796
          },
          {
            "X": 0.3996696472167969,
            "Y": 0.16231292486190796
          },
          {
            "X": 0.3996696472167969,
            "Y": 0.24319133162498474
          },
          {
            "X": 0.3805041015148163,
            "Y": 0.24319133162498474
          }
        ]
      },
      "Id": "b8c218c5-c009-40a9-ac10-2d745a8ac130",
      "Relationships": [
        {
          "Type": "CHILD",
          "Ids": [
            "3787e176-b164-4af2-837a-cdbca03a6db2"
          ]
        }
      ]
    },
    {
      "BlockType": "LINE",
      "Confidence": 99.91854095458984,
      "Text": "the digital regulator voltage at",
      "Geometry": {
        "BoundingBox": {
          "Width": 0.2653714716434479,
          "Height": 0.1001005545258522,
          "Left": 0.7227500677108765,
          "Top": 0.1602560132741928
        },
        "Polygon": [
          {
            "X": 0.7227500677108765,
            "Y": 0.1602560132741928
          },
          {
            "X": 0.9881215691566467,
            "Y": 0.1602560132741928
          },
          {
            "X": 0.9881215691566467,
            "Y": 0.2603565752506256
          },
          {
            "X": 0.7227500677108765,
            "Y": 0.2603565752506256
          }
        ]
      },
      "Id": "f30311b7-1611-4fe2-834a-2a2d2e621112",
      "Relationships": [
        {
          "Type": "CHILD",
          "Ids": [
            "ceabb2e3-5484-4e24-bcb2-5b3d2bceac65",
            "005bc9ee-0c1d-4df5-97a2-457911fa9527",
            "8aadecb7-cc6c-4903-8e43-8e593a25e989",
            "740157e9-2a83-4a5c-ab38-993b9c2ff451",
            "785d7094-b58f-4d05-be0c-f2699d2ec69e"
          ]
        }
      ]
    },
    {
      "BlockType": "LINE",
      "Confidence": 90.08029174804688,
      "Text": "level 6 and 1.2V.",
      "Geometry": {
        "BoundingBox": {
          "Width": 0.1505991518497467,
          "Height": 0.08295978605747223,
          "Left": 0.7235445380210876,
          "Top": 0.3031565546989441
        },
        "Polygon": [
          {
            "X": 0.7235445380210876,
            "Y": 0.3031565546989441
          },
          {
            "X": 0.874143660068512,
            "Y": 0.3031565546989441
          },
          {
            "X": 0.874143660068512,
            "Y": 0.3861163556575775
          },
          {
            "X": 0.7235445380210876,
            "Y": 0.3861163556575775
          }
        ]
      },
      "Id": "af909745-05ae-473d-9758-70bd09f5b92c",
      "Relationships": [
        {
          "Type": "CHILD",
          "Ids": [
            "8f399931-3b14-4b62-b3b9-32737c58c3f2",
            "097e6cb9-fb43-4817-b7b6-fe0e2f0a57a6",
            "fc292c62-4278-4e74-b22e-9b3ed3567f6a",
            "e64f2291-e448-496c-a367-2703732ccffb"
          ]
        }
      ]
    },
    {
      "BlockType": "LINE",
      "Confidence": 99.77096557617188,
      "Text": "permanently disables Down-",
      "Geometry": {
        "BoundingBox": {
          "Width": 0.262153297662735,
          "Height": 0.09677594900131226,
          "Left": 0.7231327295303345,
          "Top": 0.4536154866218567
        },
        "Polygon": [
          {
            "X": 0.7231327295303345,
            "Y": 0.4536154866218567
          },
          {
            "X": 0.9852859973907471,
            "Y": 0.4536154866218567
          },
          {
            "X": 0.9852859973907471,
            "Y": 0.550391435623169
          },
          {
            "X": 0.7231327295303345,
            "Y": 0.550391435623169
          }
        ]
      },
      "Id": "1cc28600-79b9-446e-b045-532fa763babe",
      "Relationships": [
        {
          "Type": "CHILD",
          "Ids": [
            "3645e3e7-d8d1-4161-9d9f-fad6a8e8021d",
            "effb9914-3f20-4014-ad82-3d333597e61c",
            "e9cbc0b6-e4da-4d8a-b179-3a8af33185e1"
          ]
        }
      ]
    },
    {
      "BlockType": "LINE",
      "Confidence": 99.93151092529297,
      "Text": "load Boot mode when set to",
      "Geometry": {
        "BoundingBox": {
          "Width": 0.26395174860954285,
          "Height": 0.08337226510047913,
          "Left": 0.7233221530914307,
          "Top": 0.5936182737350464
        },
        "Polygon": [
          {
            "X": 0.7233221530914307,
            "Y": 0.5936182737350464
          },
          {
            "X": 0.9872739315032959,
            "Y": 0.5936182737350464
          },
          {
            "X": 0.9872739315032959,
            "Y": 0.6769905686378479
          },
          {
            "X": 0.7233221530914307,
            "Y": 0.6769905686378479
          }
        ]
      },
      "Id": "66619861-1f92-49ec-986f-af7263ce7cbe",
      "Relationships": [
        {
          "Type": "CHILD",
          "Ids": [
            "b8a39b9a-3199-4ab0-af50-e72991cdb29a",
            "42dcda98-f88f-4f1a-9039-fa5ccadfacd9",
            "a03dba1a-c378-4d4c-baa1-59a79baa1065",
            "b8974fcb-73f9-4784-bba5-15b81b9afa9b",
            "1d16a92f-71e3-4828-8862-9d1c49f783e3",
            "be2bd7ae-2856-43fc-8399-2c308f330728"
          ]
        }
      ]
    },
    {
      "BlockType": "LINE",
      "Confidence": 98.86181640625,
      "Text": "uart_download_dis",
      "Geometry": {
        "BoundingBox": {
          "Width": 0.1707511693239212,
          "Height": 0.09927157312631607,
          "Left": 0.0031347349286079407,
          "Top": 0.6660237312316895
        },
        "Polygon": [
          {
            "X": 0.0031347349286079407,
            "Y": 0.6660237312316895
          },
          {
            "X": 0.17388589680194855,
            "Y": 0.6660237312316895
          },
          {
            "X": 0.17388589680194855,
            "Y": 0.7652952671051025
          },
          {
            "X": 0.0031347349286079407,
            "Y": 0.7652952671051025
          }
        ]
      },
      "Id": "d5af19b9-6f2b-4d78-b7dd-a97c87cf7262",
      "Relationships": [
        {
          "Type": "CHILD",
          "Ids": [
            "aa02864e-7594-493c-a486-88b12ca5d0ef"
          ]
        }
      ]
    },
    {
      "BlockType": "LINE",
      "Confidence": 99.775634765625,
      "Text": "1",
      "Geometry": {
        "BoundingBox": {
          "Width": 0.008391279727220535,
          "Height": 0.07872592657804489,
          "Left": 0.2374815046787262,
          "Top": 0.6692085862159729
        },
        "Polygon": [
          {
            "X": 0.2374815046787262,
            "Y": 0.6692085862159729
          },
          {
            "X": 0.24587278068065643,
            "Y": 0.6692085862159729
          },
          {
            "X": 0.24587278068065643,
            "Y": 0.7479345202445984
          },
          {
            "X": 0.2374815046787262,
            "Y": 0.7479345202445984
          }
        ]
      },
      "Id": "c3fd8230-b4be-40d2-8a84-9dff36d18e73",
      "Relationships": [
        {
          "Type": "CHILD",
          "Ids": [
            "0ca22fed-c3ac-4d18-a646-47b818c2bb65"
          ]
        }
      ]
    },
    {
      "BlockType": "LINE",
      "Confidence": 99.86595916748047,
      "Text": "2",
      "Geometry": {
        "BoundingBox": {
          "Width": 0.01244585495442152,
          "Height": 0.07781166583299637,
          "Left": 0.3788452744483948,
          "Top": 0.6713264584541321
        },
        "Polygon": [
          {
            "X": 0.3788452744483948,
            "Y": 0.6713264584541321
          },
          {
            "X": 0.39129114151000977,
            "Y": 0.6713264584541321
          },
          {
            "X": 0.39129114151000977,
            "Y": 0.7491381168365479
          },
          {
            "X": 0.3788452744483948,
            "Y": 0.7491381168365479
          }
        ]
      },
      "Id": "cc37559c-e545-4ede-a4e4-0103647a0384",
      "Relationships": [
        {
          "Type": "CHILD",
          "Ids": [
            "fa970429-1e66-4e32-b41d-95ba2ab03eef"
          ]
        }
      ]
    },
    {
      "BlockType": "LINE",
      "Confidence": 97.78823852539062,
      "Text": "-",
      "Geometry": {
        "BoundingBox": {
          "Width": 0.00788347702473402,
          "Height": 0.02271077409386635,
          "Left": 0.5515778660774231,
          "Top": 0.7038241624832153
        },
        "Polygon": [
          {
            "X": 0.5515778660774231,
            "Y": 0.7038241624832153
          },
          {
            "X": 0.5594613552093506,
            "Y": 0.7038241624832153
          },
          {
            "X": 0.5594613552093506,
            "Y": 0.7265349626541138
          },
          {
            "X": 0.5515778660774231,
            "Y": 0.7265349626541138
          }
        ]
      },
      "Id": "0e631623-544c-4e68-a86b-95865ce2bcf7",
      "Relationships": [
        {
          "Type": "CHILD",
          "Ids": [
            "914a9cf1-41cc-481a-9f05-e09454c12c63"
          ]
        }
      ]
    },
    {
      "BlockType": "LINE",
      "Confidence": 99.7279052734375,
      "Text": "1. Valid only for ESP32 ECO",
      "Geometry": {
        "BoundingBox": {
          "Width": 0.2633431553840637,
          "Height": 0.0990704670548439,
          "Left": 0.7243276238441467,
          "Top": 0.736163318157196
        },
        "Polygon": [
          {
            "X": 0.7243276238441467,
            "Y": 0.736163318157196
          },
          {
            "X": 0.9876707792282104,
            "Y": 0.736163318157196
          },
          {
            "X": 0.9876707792282104,
            "Y": 0.835233747959137
          },
          {
            "X": 0.7243276238441467,
            "Y": 0.835233747959137
          }
        ]
      },
      "Id": "f5aa47ec-0bb1-42d5-a9d8-ad7c0b83babf",
      "Relationships": [
        {
          "Type": "CHILD",
          "Ids": [
            "ee36b213-3ac5-46ca-b867-8ad37bf1731d",
            "fee3cca3-cb73-47b4-9803-1b4f09413035",
            "717d4c21-4204-4c1b-88a9-f67e603a67d9",
            "5078063d-69da-424f-8677-80787020bb1b",
            "a1c96810-55fb-4e8b-bead-cf22bfd83c51",
            "78af8d19-e65e-4780-8f5d-c8beb5b44ac6"
          ]
        }
      ]
    },
    {
      "BlockType": "LINE",
      "Confidence": 98.75420379638672,
      "Text": "V3.",
      "Geometry": {
        "BoundingBox": {
          "Width": 0.030294014140963554,
          "Height": 0.08220760524272919,
          "Left": 0.7225815057754517,
          "Top": 0.8787416815757751
        },
        "Polygon": [
          {
            "X": 0.7225815057754517,
            "Y": 0.8787416815757751
          },
          {
            "X": 0.7528755068778992,
            "Y": 0.8787416815757751
          },
          {
            "X": 0.7528755068778992,
            "Y": 0.9609493017196655
          },
          {
            "X": 0.7225815057754517,
            "Y": 0.9609493017196655
          }
        ]
      },
      "Id": "db01d9ac-b557-4aeb-a748-fc55d1496d07",
      "Relationships": [
        {
          "Type": "CHILD",
          "Ids": [
            "2fe3577b-662b-4c87-a225-e8a7fd911574"
          ]
        }
      ]
    },
    {
      "BlockType": "WORD",
      "Confidence": 99.92850494384766,
      "Text": "stores",
      "TextType": "PRINTED",
      "Geometry": {
        "BoundingBox": {
          "Width": 0.055770277976989746,
          "Height": 0.07786566019058228,
          "Left": 0.722804844379425,
          "Top": 0.017948759719729424
        },
        "Polygon": [
          {
            "X": 0.722804844379425,
            "Y": 0.017948759719729424
          },
          {
            "X": 0.7785751223564148,
            "Y": 0.017948759719729424
          },
          {
            "X": 0.7785751223564148,
            "Y": 0.09581442177295685
          },
          {
            "X": 0.722804844379425,
            "Y": 0.09581442177295685
          }
        ]
      },
      "Id": "1ab1147e-1687-4246-9147-ff65663e9982"
    },
    {
      "BlockType": "WORD",
      "Confidence": 99.99687194824219,
      "Text": "the",
      "TextType": "PRINTED",
      "Geometry": {
        "BoundingBox": {
          "Width": 0.029944099485874176,
          "Height": 0.08200421184301376,
          "Left": 0.7832961678504944,
          "Top": 0.013570812530815601
        },
        "Polygon": [
          {
            "X": 0.7832961678504944,
            "Y": 0.013570812530815601
          },
          {
            "X": 0.8132402896881104,
            "Y": 0.013570812530815601
          },
          {
            "X": 0.8132402896881104,
            "Y": 0.09557502716779709
          },
          {
            "X": 0.7832961678504944,
            "Y": 0.09557502716779709
          }
        ]
      },
      "Id": "68053612-acb8-43eb-bc5d-5e54f33eef5f"
    },
    {
      "BlockType": "WORD",
      "Confidence": 99.82562255859375,
      "Text": "difference",
      "TextType": "PRINTED",
      "Geometry": {
        "BoundingBox": {
          "Width": 0.08777125924825668,
          "Height": 0.0817841961979866,
          "Left": 0.8185610771179199,
          "Top": 0.014338301494717598
        },
        "Polygon": [
          {
            "X": 0.8185610771179199,
            "Y": 0.014338301494717598
          },
          {
            "X": 0.9063323736190796,
            "Y": 0.014338301494717598
          },
          {
            "X": 0.9063323736190796,
            "Y": 0.09612249583005905
          },
          {
            "X": 0.8185610771179199,
            "Y": 0.09612249583005905
          }
        ]
      },
      "Id": "6ec43c48-d398-42ff-99c9-0f06b6614ce7"
    },
    {
      "BlockType": "WORD",
      "Confidence": 99.94976043701172,
      "Text": "between",
      "TextType": "PRINTED",
      "Geometry": {
        "BoundingBox": {
          "Width": 0.07608151435852051,
          "Height": 0.08224425464868546,
          "Left": 0.911324143409729,
          "Top": 0.01432694774121046
        },
        "Polygon": [
          {
            "X": 0.911324143409729,
            "Y": 0.01432694774121046
          },
          {
            "X": 0.9874056577682495,
            "Y": 0.01432694774121046
          },
          {
            "X": 0.9874056577682495,
            "Y": 0.09657120704650879
          },
          {
            "X": 0.911324143409729,
            "Y": 0.09657120704650879
          }
        ]
      },
      "Id": "67298de9-8fb0-4a03-9366-38a86a298564"
    },
    {
      "BlockType": "WORD",
      "Confidence": 50.499046325683594,
      "Text": "dig_vol_l6",
      "TextType": "PRINTED",
      "Geometry": {
        "BoundingBox": {
          "Width": 0.09017694741487503,
          "Height": 0.10299104452133179,
          "Left": 0.004771735519170761,
          "Top": 0.15910010039806366
        },
        "Polygon": [
          {
            "X": 0.004771735519170761,
            "Y": 0.15910010039806366
          },
          {
            "X": 0.0949486792087555,
            "Y": 0.15910010039806366
          },
          {
            "X": 0.0949486792087555,
            "Y": 0.26209115982055664
          },
          {
            "X": 0.004771735519170761,
            "Y": 0.26209115982055664
          }
        ]
      },
      "Id": "48cb6b62-50ef-4f6d-908b-2219ddd8dcfd"
    },
    {
      "BlockType": "WORD",
      "Confidence": 99.89225006103516,
      "Text": "4",
      "TextType": "PRINTED",
      "Geometry": {
        "BoundingBox": {
          "Width": 0.013038367964327335,
          "Height": 0.07988962531089783,
          "Left": 0.2358030527830124,
          "Top": 0.1631411612033844
        },
        "Polygon": [
          {
            "X": 0.2358030527830124,
            "Y": 0.1631411612033844
          },
          {
            "X": 0.24884141981601715,
            "Y": 0.1631411612033844
          },
          {
            "X": 0.24884141981601715,
            "Y": 0.24303077161312103
          },
          {
            "X": 0.2358030527830124,
            "Y": 0.24303077161312103
          }
        ]
      },
      "Id": "ddeed129-0aa8-41cd-8429-dcb81b1cbc88"
    },
    {
      "BlockType": "WORD",
      "Confidence": 99.83960723876953,
      "Text": "11",
      "TextType": "PRINTED",
      "Geometry": {
        "BoundingBox": {
          "Width": 0.019165541976690292,
          "Height": 0.08087839931249619,
          "Left": 0.3805041015148163,
          "Top": 0.16231292486190796
        },
        "Polygon": [
          {
            "X": 0.3805041015148163,
            "Y": 0.16231292486190796
          },
          {
            "X": 0.3996696472167969,
            "Y": 0.16231292486190796
          },
          {
            "X": 0.3996696472167969,
            "Y": 0.24319133162498474
          },
          {
            "X": 0.3805041015148163,
            "Y": 0.24319133162498474
          }
        ]
      },
      "Id": "3787e176-b164-4af2-837a-cdbca03a6db2"
    },
    {
      "BlockType": "WORD",
      "Confidence": 99.99453735351562,
      "Text": "the",
      "TextType": "PRINTED",
      "Geometry": {
        "BoundingBox": {
          "Width": 0.02974633313715458,
          "Height": 0.08039750158786774,
          "Left": 0.7227500677108765,
          "Top": 0.16252252459526062
        },
        "Polygon": [
          {
            "X": 0.7227500677108765,
            "Y": 0.16252252459526062
          },
          {
            "X": 0.7524964213371277,
            "Y": 0.16252252459526062
          },
          {
            "X": 0.7524964213371277,
            "Y": 0.24292002618312836
          },
          {
            "X": 0.7227500677108765,
            "Y": 0.24292002618312836
          }
        ]
      },
      "Id": "ceabb2e3-5484-4e24-bcb2-5b3d2bceac65"
    },
    {
      "BlockType": "WORD",
      "Confidence": 99.8346939086914,
      "Text": "digital",
      "TextType": "PRINTED",
      "Geometry": {
        "BoundingBox": {
          "Width": 0.052314743399620056,
          "Height": 0.1001005545258522,
          "Left": 0.7577227354049683,
          "Top": 0.1602560132741928
        },
        "Polygon": [
          {
            "X": 0.7577227354049683,
            "Y": 0.1602560132741928
          },
          {
            "X": 0.8100374341011047,
            "Y": 0.1602560132741928
          },
          {
            "X": 0.8100374341011047,
            "Y": 0.2603565752506256
          },
          {
            "X": 0.7577227354049683,
            "Y": 0.2603565752506256
          }
        ]
      },
      "Id": "005bc9ee-0c1d-4df5-97a2-457911fa9527"
    },
    {
      "BlockType": "WORD",
      "Confidence": 99.94253540039062,
      "Text": "regulator",
      "TextType": "PRINTED",
      "Geometry": {
        "BoundingBox": {
          "Width": 0.08047390729188919,
          "Height": 0.09607232362031937,
          "Left": 0.8151723742485046,
          "Top": 0.16297733783721924
        },
        "Polygon": [
          {
            "X": 0.8151723742485046,
            "Y": 0.16297733783721924
          },
          {
            "X": 0.895646333694458,
            "Y": 0.16297733783721924
          },
          {
            "X": 0.895646333694458,
            "Y": 0.259049654006958
          },
          {
            "X": 0.8151723742485046,
            "Y": 0.259049654006958
          }
        ]
      },
      "Id": "8aadecb7-cc6c-4903-8e43-8e593a25e989"
    },
    {
      "BlockType": "WORD",
      "Confidence": 99.84288024902344,
      "Text": "voltage",
      "TextType": "PRINTED",
      "Geometry": {
        "BoundingBox": {
          "Width": 0.06536701321601868,
          "Height": 0.09694726020097733,
          "Left": 0.8994179368019104,
          "Top": 0.163384348154068
        },
        "Polygon": [
          {
            "X": 0.8994179368019104,
            "Y": 0.163384348154068
          },
          {
            "X": 0.9647849798202515,
            "Y": 0.163384348154068
          },
          {
            "X": 0.9647849798202515,
            "Y": 0.2603316009044647
          },
          {
            "X": 0.8994179368019104,
            "Y": 0.2603316009044647
          }
        ]
      },
      "Id": "740157e9-2a83-4a5c-ab38-993b9c2ff451"
    },
    {
      "BlockType": "WORD",
      "Confidence": 99.97805786132812,
      "Text": "at",
      "TextType": "PRINTED",
      "Geometry": {
        "BoundingBox": {
          "Width": 0.018929392099380493,
          "Height": 0.07536347210407257,
          "Left": 0.9691921472549438,
          "Top": 0.16705353558063507
        },
        "Polygon": [
          {
            "X": 0.9691921472549438,
            "Y": 0.16705353558063507
          },
          {
            "X": 0.9881215691566467,
            "Y": 0.16705353558063507
          },
          {
            "X": 0.9881215691566467,
            "Y": 0.24241700768470764
          },
          {
            "X": 0.9691921472549438,
            "Y": 0.24241700768470764
          }
        ]
      },
      "Id": "785d7094-b58f-4d05-be0c-f2699d2ec69e"
    },
    {
      "BlockType": "WORD",
      "Confidence": 99.84789276123047,
      "Text": "level",
      "TextType": "PRINTED",
      "Geometry": {
        "BoundingBox": {
          "Width": 0.04006819427013397,
          "Height": 0.08127724379301071,
          "Left": 0.7235445380210876,
          "Top": 0.3031565546989441
        },
        "Polygon": [
          {
            "X": 0.7235445380210876,
            "Y": 0.3031565546989441
          },
          {
            "X": 0.7636127471923828,
            "Y": 0.3031565546989441
          },
          {
            "X": 0.7636127471923828,
            "Y": 0.3844338059425354
          },
          {
            "X": 0.7235445380210876,
            "Y": 0.3844338059425354
          }
        ]
      },
      "Id": "8f399931-3b14-4b62-b3b9-32737c58c3f2"
    },
    {
      "BlockType": "WORD",
      "Confidence": 99.82789611816406,
      "Text": "6",
      "TextType": "PRINTED",
      "Geometry": {
        "BoundingBox": {
          "Width": 0.012622888199985027,
          "Height": 0.07874614745378494,
          "Left": 0.7676361799240112,
          "Top": 0.3059455156326294
        },
        "Polygon": [
          {
            "X": 0.7676361799240112,
            "Y": 0.3059455156326294
          },
          {
            "X": 0.7802590727806091,
            "Y": 0.3059455156326294
          },
          {
            "X": 0.7802590727806091,
            "Y": 0.38469165563583374
          },
          {
            "X": 0.7676361799240112,
            "Y": 0.38469165563583374
          }
        ]
      },
      "Id": "097e6cb9-fb43-4817-b7b6-fe0e2f0a57a6"
    },
    {
      "BlockType": "WORD",
      "Confidence": 99.95794677734375,
      "Text": "and",
      "TextType": "PRINTED",
      "Geometry": {
        "BoundingBox": {
          "Width": 0.035992808640003204,
          "Height": 0.08068601787090302,
          "Left": 0.7841954231262207,
          "Top": 0.30483707785606384
        },
        "Polygon": [
          {
            "X": 0.7841954231262207,
            "Y": 0.30483707785606384
          },
          {
            "X": 0.8201882243156433,
            "Y": 0.30483707785606384
          },
          {
            "X": 0.8201882243156433,
            "Y": 0.38552308082580566
          },
          {
            "X": 0.7841954231262207,
            "Y": 0.38552308082580566
          }
        ]
      },
      "Id": "fc292c62-4278-4e74-b22e-9b3ed3567f6a"
    },
    {
      "BlockType": "WORD",
      "Confidence": 60.68743896484375,
      "Text": "1.2V.",
      "TextType": "PRINTED",
      "Geometry": {
        "BoundingBox": {
          "Width": 0.048324428498744965,
          "Height": 0.08277302235364914,
          "Left": 0.8258192539215088,
          "Top": 0.3033433258533478
        },
        "Polygon": [
          {
            "X": 0.8258192539215088,
            "Y": 0.3033433258533478
          },
          {
            "X": 0.874143660068512,
            "Y": 0.3033433258533478
          },
          {
            "X": 0.874143660068512,
            "Y": 0.3861163556575775
          },
          {
            "X": 0.8258192539215088,
            "Y": 0.3861163556575775
          }
        ]
      },
      "Id": "e64f2291-e448-496c-a367-2703732ccffb"
    },
    {
      "BlockType": "WORD",
      "Confidence": 99.90774536132812,
      "Text": "permanently",
      "TextType": "PRINTED",
      "Geometry": {
        "BoundingBox": {
          "Width": 0.11103074997663498,
          "Height": 0.09573082625865936,
          "Left": 0.7231327295303345,
          "Top": 0.4546606242656708
        },
        "Polygon": [
          {
            "X": 0.7231327295303345,
            "Y": 0.4546606242656708
          },
          {
            "X": 0.8341634273529053,
            "Y": 0.4546606242656708
          },
          {
            "X": 0.8341634273529053,
            "Y": 0.550391435623169
          },
          {
            "X": 0.7231327295303345,
            "Y": 0.550391435623169
          }
        ]
      },
      "Id": "3645e3e7-d8d1-4161-9d9f-fad6a8e8021d"
    },
    {
      "BlockType": "WORD",
      "Confidence": 99.79228210449219,
      "Text": "disables",
      "TextType": "PRINTED",
      "Geometry": {
        "BoundingBox": {
          "Width": 0.07281135767698288,
          "Height": 0.0786651074886322,
          "Left": 0.8441360592842102,
          "Top": 0.45443645119667053
        },
        "Polygon": [
          {
            "X": 0.8441360592842102,
            "Y": 0.45443645119667053
          },
          {
            "X": 0.9169473648071289,
            "Y": 0.45443645119667053
          },
          {
            "X": 0.9169473648071289,
            "Y": 0.5331015586853027
          },
          {
            "X": 0.8441360592842102,
            "Y": 0.5331015586853027
          }
        ]
      },
      "Id": "effb9914-3f20-4014-ad82-3d333597e61c"
    },
    {
      "BlockType": "WORD",
      "Confidence": 99.61287689208984,
      "Text": "Down-",
      "TextType": "PRINTED",
      "Geometry": {
        "BoundingBox": {
          "Width": 0.057428039610385895,
          "Height": 0.07954400032758713,
          "Left": 0.9278579354286194,
          "Top": 0.4536154866218567
        },
        "Polygon": [
          {
            "X": 0.9278579354286194,
            "Y": 0.4536154866218567
          },
          {
            "X": 0.9852859973907471,
            "Y": 0.4536154866218567
          },
          {
            "X": 0.9852859973907471,
            "Y": 0.5331594944000244
          },
          {
            "X": 0.9278579354286194,
            "Y": 0.5331594944000244
          }
        ]
      },
      "Id": "e9cbc0b6-e4da-4d8a-b179-3a8af33185e1"
    },
    {
      "BlockType": "WORD",
      "Confidence": 99.97272491455078,
      "Text": "load",
      "TextType": "PRINTED",
      "Geometry": {
        "BoundingBox": {
          "Width": 0.03878060728311539,
          "Height": 0.08105047047138214,
          "Left": 0.7233221530914307,
          "Top": 0.5945507884025574
        },
        "Polygon": [
          {
            "X": 0.7233221530914307,
            "Y": 0.5945507884025574
          },
          {
            "X": 0.7621027827262878,
            "Y": 0.5945507884025574
          },
          {
            "X": 0.7621027827262878,
            "Y": 0.6756012439727783
          },
          {
            "X": 0.7233221530914307,
            "Y": 0.6756012439727783
          }
        ]
      },
      "Id": "b8a39b9a-3199-4ab0-af50-e72991cdb29a"
    },
    {
      "BlockType": "WORD",
      "Confidence": 99.93743896484375,
      "Text": "Boot",
      "TextType": "PRINTED",
      "Geometry": {
        "BoundingBox": {
          "Width": 0.043950848281383514,
          "Height": 0.08291907608509064,
          "Left": 0.7694453597068787,
          "Top": 0.5936182737350464
        },
        "Polygon": [
          {
            "X": 0.7694453597068787,
            "Y": 0.5936182737350464
          },
          {
            "X": 0.8133962154388428,
            "Y": 0.5936182737350464
          },
          {
            "X": 0.8133962154388428,
            "Y": 0.6765373945236206
          },
          {
            "X": 0.7694453597068787,
            "Y": 0.6765373945236206
          }
        ]
      },
      "Id": "42dcda98-f88f-4f1a-9039-fa5ccadfacd9"
    },
    {
      "BlockType": "WORD",
      "Confidence": 99.93411254882812,
      "Text": "mode",
      "TextType": "PRINTED",
      "Geometry": {
        "BoundingBox": {
          "Width": 0.05319811776280403,
          "Height": 0.0791483223438263,
          "Left": 0.8193328380584717,
          "Top": 0.5967678427696228
        },
        "Polygon": [
          {
            "X": 0.8193328380584717,
            "Y": 0.5967678427696228
          },
          {
            "X": 0.872530996799469,
            "Y": 0.5967678427696228
          },
          {
            "X": 0.872530996799469,
            "Y": 0.6759161949157715
          },
          {
            "X": 0.8193328380584717,
            "Y": 0.6759161949157715
          }
        ]
      },
      "Id": "a03dba1a-c378-4d4c-baa1-59a79baa1065"
    },
    {
      "BlockType": "WORD",
      "Confidence": 99.96235656738281,
      "Text": "when",
      "TextType": "PRINTED",
      "Geometry": {
        "BoundingBox": {
          "Width": 0.04986603558063507,
          "Height": 0.08136949688196182,
          "Left": 0.878119170665741,
          "Top": 0.5952274203300476
        },
        "Polygon": [
          {
            "X": 0.878119170665741,
            "Y": 0.5952274203300476
          },
          {
            "X": 0.9279851913452148,
            "Y": 0.5952274203300476
          },
          {
            "X": 0.9279851913452148,
            "Y": 0.6765969395637512
          },
          {
            "X": 0.878119170665741,
            "Y": 0.6765969395637512
          }
        ]
      },
      "Id": "b8974fcb-73f9-4784-bba5-15b81b9afa9b"
    },
    {
      "BlockType": "WORD",
      "Confidence": 99.8038330078125,
      "Text": "set",
      "TextType": "PRINTED",
      "Geometry": {
        "BoundingBox": {
          "Width": 0.027817370370030403,
          "Height": 0.07573562860488892,
          "Left": 0.9343673586845398,
          "Top": 0.5996152758598328
        },
        "Polygon": [
          {
            "X": 0.9343673586845398,
            "Y": 0.5996152758598328
          },
          {
            "X": 0.962184727191925,
            "Y": 0.5996152758598328
          },
          {
            "X": 0.962184727191925,
            "Y": 0.6753509044647217
          },
          {
            "X": 0.9343673586845398,
            "Y": 0.6753509044647217
          }
        ]
      },
      "Id": "1d16a92f-71e3-4828-8862-9d1c49f783e3"
    },
    {
      "BlockType": "WORD",
      "Confidence": 99.9786148071289,
      "Text": "to",
      "TextType": "PRINTED",
      "Geometry": {
        "BoundingBox": {
          "Width": 0.019095446914434433,
          "Height": 0.07703515887260437,
          "Left": 0.9681784510612488,
          "Top": 0.5999553799629211
        },
        "Polygon": [
          {
            "X": 0.9681784510612488,
            "Y": 0.5999553799629211
          },
          {
            "X": 0.9872739315032959,
            "Y": 0.5999553799629211
          },
          {
            "X": 0.9872739315032959,
            "Y": 0.6769905686378479
          },
          {
            "X": 0.9681784510612488,
            "Y": 0.6769905686378479
          }
        ]
      },
      "Id": "be2bd7ae-2856-43fc-8399-2c308f330728"
    },
    {
      "BlockType": "WORD",
      "Confidence": 98.86181640625,
      "Text": "uart_download_dis",
      "TextType": "PRINTED",
      "Geometry": {
        "BoundingBox": {
          "Width": 0.1707511693239212,
          "Height": 0.09927157312631607,
          "Left": 0.0031347349286079407,
          "Top": 0.6660237312316895
        },
        "Polygon": [
          {
            "X": 0.0031347349286079407,
            "Y": 0.6660237312316895
          },
          {
            "X": 0.17388589680194855,
            "Y": 0.6660237312316895
          },
          {
            "X": 0.17388589680194855,
            "Y": 0.7652952671051025
          },
          {
            "X": 0.0031347349286079407,
            "Y": 0.7652952671051025
          }
        ]
      },
      "Id": "aa02864e-7594-493c-a486-88b12ca5d0ef"
    },
    {
      "BlockType": "WORD",
      "Confidence": 99.775634765625,
      "Text": "1",
      "TextType": "PRINTED",
      "Geometry": {
        "BoundingBox": {
          "Width": 0.008391279727220535,
          "Height": 0.07872592657804489,
          "Left": 0.2374815046787262,
          "Top": 0.6692085862159729
        },
        "Polygon": [
          {
            "X": 0.2374815046787262,
            "Y": 0.6692085862159729
          },
          {
            "X": 0.24587278068065643,
            "Y": 0.6692085862159729
          },
          {
            "X": 0.24587278068065643,
            "Y": 0.7479345202445984
          },
          {
            "X": 0.2374815046787262,
            "Y": 0.7479345202445984
          }
        ]
      },
      "Id": "0ca22fed-c3ac-4d18-a646-47b818c2bb65"
    },
    {
      "BlockType": "WORD",
      "Confidence": 99.86595916748047,
      "Text": "2",
      "TextType": "PRINTED",
      "Geometry": {
        "BoundingBox": {
          "Width": 0.01244585495442152,
          "Height": 0.07781166583299637,
          "Left": 0.3788452744483948,
          "Top": 0.6713264584541321
        },
        "Polygon": [
          {
            "X": 0.3788452744483948,
            "Y": 0.6713264584541321
          },
          {
            "X": 0.39129114151000977,
            "Y": 0.6713264584541321
          },
          {
            "X": 0.39129114151000977,
            "Y": 0.7491381168365479
          },
          {
            "X": 0.3788452744483948,
            "Y": 0.7491381168365479
          }
        ]
      },
      "Id": "fa970429-1e66-4e32-b41d-95ba2ab03eef"
    },
    {
      "BlockType": "WORD",
      "Confidence": 97.78823852539062,
      "Text": "-",
      "TextType": "PRINTED",
      "Geometry": {
        "BoundingBox": {
          "Width": 0.00788347702473402,
          "Height": 0.02271077409386635,
          "Left": 0.5515778660774231,
          "Top": 0.7038241624832153
        },
        "Polygon": [
          {
            "X": 0.5515778660774231,
            "Y": 0.7038241624832153
          },
          {
            "X": 0.5594613552093506,
            "Y": 0.7038241624832153
          },
          {
            "X": 0.5594613552093506,
            "Y": 0.7265349626541138
          },
          {
            "X": 0.5515778660774231,
            "Y": 0.7265349626541138
          }
        ]
      },
      "Id": "914a9cf1-41cc-481a-9f05-e09454c12c63"
    },
    {
      "BlockType": "WORD",
      "Confidence": 99.38423919677734,
      "Text": "1.",
      "TextType": "PRINTED",
      "Geometry": {
        "BoundingBox": {
          "Width": 0.016006752848625183,
          "Height": 0.077309250831604,
          "Left": 0.7243276238441467,
          "Top": 0.740739643573761
        },
        "Polygon": [
          {
            "X": 0.7243276238441467,
            "Y": 0.740739643573761
          },
          {
            "X": 0.7403343319892883,
            "Y": 0.740739643573761
          },
          {
            "X": 0.7403343319892883,
            "Y": 0.8180489540100098
          },
          {
            "X": 0.7243276238441467,
            "Y": 0.8180489540100098
          }
        ]
      },
      "Id": "ee36b213-3ac5-46ca-b867-8ad37bf1731d"
    },
    {
      "BlockType": "WORD",
      "Confidence": 99.72848510742188,
      "Text": "Valid",
      "TextType": "PRINTED",
      "Geometry": {
        "BoundingBox": {
          "Width": 0.04392259567975998,
          "Height": 0.08286942541599274,
          "Left": 0.752321183681488,
          "Top": 0.736163318157196
        },
        "Polygon": [
          {
            "X": 0.752321183681488,
            "Y": 0.736163318157196
          },
          {
            "X": 0.7962437868118286,
            "Y": 0.736163318157196
          },
          {
            "X": 0.7962437868118286,
            "Y": 0.8190327286720276
          },
          {
            "X": 0.752321183681488,
            "Y": 0.8190327286720276
          }
        ]
      },
      "Id": "fee3cca3-cb73-47b4-9803-1b4f09413035"
    },
    {
      "BlockType": "WORD",
      "Confidence": 99.97913360595703,
      "Text": "only",
      "TextType": "PRINTED",
      "Geometry": {
        "BoundingBox": {
          "Width": 0.03810317814350128,
          "Height": 0.0968262255191803,
          "Left": 0.8019012808799744,
          "Top": 0.738407552242279
        },
        "Polygon": [
          {
            "X": 0.8019012808799744,
            "Y": 0.738407552242279
          },
          {
            "X": 0.8400044441223145,
            "Y": 0.738407552242279
          },
          {
            "X": 0.8400044441223145,
            "Y": 0.835233747959137
          },
          {
            "X": 0.8019012808799744,
            "Y": 0.835233747959137
          }
        ]
      },
      "Id": "717d4c21-4204-4c1b-88a9-f67e603a67d9"
    },
    {
      "BlockType": "WORD",
      "Confidence": 99.98768615722656,
      "Text": "for",
      "TextType": "PRINTED",
      "Geometry": {
        "BoundingBox": {
          "Width": 0.025972535833716393,
          "Height": 0.08020377904176712,
          "Left": 0.8447656631469727,
          "Top": 0.7370025515556335
        },
        "Polygon": [
          {
            "X": 0.8447656631469727,
            "Y": 0.7370025515556335
          },
          {
            "X": 0.87073814868927,
            "Y": 0.7370025515556335
          },
          {
            "X": 0.87073814868927,
            "Y": 0.8172063231468201
          },
          {
            "X": 0.8447656631469727,
            "Y": 0.8172063231468201
          }
        ]
      },
      "Id": "5078063d-69da-424f-8677-80787020bb1b"
    },
    {
      "BlockType": "WORD",
      "Confidence": 99.61312866210938,
      "Text": "ESP32",
      "TextType": "PRINTED",
      "Geometry": {
        "BoundingBox": {
          "Width": 0.06116572022438049,
          "Height": 0.08163775503635406,
          "Left": 0.8765316605567932,
          "Top": 0.7374507188796997
        },
        "Polygon": [
          {
            "X": 0.8765316605567932,
            "Y": 0.7374507188796997
          },
          {
            "X": 0.9376974105834961,
            "Y": 0.7374507188796997
          },
          {
            "X": 0.9376974105834961,
            "Y": 0.8190885186195374
          },
          {
            "X": 0.8765316605567932,
            "Y": 0.8190885186195374
          }
        ]
      },
      "Id": "a1c96810-55fb-4e8b-bead-cf22bfd83c51"
    },
    {
      "BlockType": "WORD",
      "Confidence": 99.67473602294922,
      "Text": "ECO",
      "TextType": "PRINTED",
      "Geometry": {
        "BoundingBox": {
          "Width": 0.04289991408586502,
          "Height": 0.08087432384490967,
          "Left": 0.944770872592926,
          "Top": 0.7368100881576538
        },
        "Polygon": [
          {
            "X": 0.944770872592926,
            "Y": 0.7368100881576538
          },
          {
            "X": 0.9876707792282104,
            "Y": 0.7368100881576538
          },
          {
            "X": 0.9876707792282104,
            "Y": 0.8176844120025635
          },
          {
            "X": 0.944770872592926,
            "Y": 0.8176844120025635
          }
        ]
      },
      "Id": "78af8d19-e65e-4780-8f5d-c8beb5b44ac6"
    },
    {
      "BlockType": "WORD",
      "Confidence": 98.75420379638672,
      "Text": "V3.",
      "TextType": "PRINTED",
      "Geometry": {
        "BoundingBox": {
          "Width": 0.030294014140963554,
          "Height": 0.08220760524272919,
          "Left": 0.7225815057754517,
          "Top": 0.8787416815757751
        },
        "Polygon": [
          {
            "X": 0.7225815057754517,
            "Y": 0.8787416815757751
          },
          {
            "X": 0.7528755068778992,
            "Y": 0.8787416815757751
          },
          {
            "X": 0.7528755068778992,
            "Y": 0.9609493017196655
          },
          {
            "X": 0.7225815057754517,
            "Y": 0.9609493017196655
          }
        ]
      },
      "Id": "2fe3577b-662b-4c87-a225-e8a7fd911574"
    },
    {
      "BlockType": "TABLE",
      "Confidence": 99.66448974609375,
      "Geometry": {
        "BoundingBox": {
          "Width": 0.9989287853240967,
          "Height": 0.9921477437019348,
          "Left": 0.00030613731360062957,
          "Top": 0
        },
        "Polygon": [
          {
            "X": 0.00030613731360062957,
            "Y": 0
          },
          {
            "X": 0.9992349147796631,
            "Y": 0
          },
          {
            "X": 0.9992349147796631,
            "Y": 0.9921477437019348
          },
          {
            "X": 0.00030613731360062957,
            "Y": 0.9921477437019348
          }
        ]
      },
      "Id": "f133a84c-643b-406a-8898-50815d60d58d",
      "Relationships": [
        {
          "Type": "CHILD",
          "Ids": [
            "760f1d21-38b5-4230-9b7a-054fcd99ed55",
            "50cc8a00-b9cc-4864-914b-4b1d5e11fdb3",
            "83b73f75-5e02-46d3-82c6-8428da7269a7",
            "d1fbcfc8-b124-4b84-abea-d93683bb082a",
            "8df0b368-44f0-45cb-8b49-41e2cd6d879a",
            "d4f3c116-ec57-4f85-8d95-1c11b1aa5ef6",
            "ec560e61-75a5-40cb-abb8-2b4a53e3008d",
            "28958e19-9a97-44bf-b8f8-c016ea077937",
            "639d944a-fea3-4dd1-9299-d0d5ede267a5",
            "9da25073-b378-4ee2-a6bb-d20b31262843"
          ]
        }
      ]
    },
    {
      "BlockType": "CELL",
      "Confidence": 91.47569274902344,
      "RowIndex": 1,
      "ColumnIndex": 1,
      "RowSpan": 1,
      "ColumnSpan": 1,
      "Geometry": {
        "BoundingBox": {
          "Width": 0.22237427532672882,
          "Height": 0.41705068945884705,
          "Left": 0.00030613731360062957,
          "Top": 0
        },
        "Polygon": [
          {
            "X": 0.00030613731360062957,
            "Y": 0
          },
          {
            "X": 0.22268041968345642,
            "Y": 0
          },
          {
            "X": 0.22268041968345642,
            "Y": 0.41705068945884705
          },
          {
            "X": 0.00030613731360062957,
            "Y": 0.41705068945884705
          }
        ]
      },
      "Id": "760f1d21-38b5-4230-9b7a-054fcd99ed55",
      "Relationships": [
        {
          "Type": "CHILD",
          "Ids": [
            "48cb6b62-50ef-4f6d-908b-2219ddd8dcfd"
          ]
        }
      ]
    },
    {
      "BlockType": "CELL",
      "Confidence": 89.97288513183594,
      "RowIndex": 1,
      "ColumnIndex": 2,
      "RowSpan": 1,
      "ColumnSpan": 1,
      "Geometry": {
        "BoundingBox": {
          "Width": 0.14432989060878754,
          "Height": 0.41705068945884705,
          "Left": 0.22268041968345642,
          "Top": 0
        },
        "Polygon": [
          {
            "X": 0.22268041968345642,
            "Y": 0
          },
          {
            "X": 0.36701029539108276,
            "Y": 0
          },
          {
            "X": 0.36701029539108276,
            "Y": 0.41705068945884705
          },
          {
            "X": 0.22268041968345642,
            "Y": 0.41705068945884705
          }
        ]
      },
      "Id": "50cc8a00-b9cc-4864-914b-4b1d5e11fdb3",
      "Relationships": [
        {
          "Type": "CHILD",
          "Ids": [
            "ddeed129-0aa8-41cd-8429-dcb81b1cbc88"
          ]
        }
      ]
    },
    {
      "BlockType": "CELL",
      "Confidence": 90.66230010986328,
      "RowIndex": 1,
      "ColumnIndex": 3,
      "RowSpan": 1,
      "ColumnSpan": 1,
      "Geometry": {
        "BoundingBox": {
          "Width": 0.17113402485847473,
          "Height": 0.41705068945884705,
          "Left": 0.36701029539108276,
          "Top": 0
        },
        "Polygon": [
          {
            "X": 0.36701029539108276,
            "Y": 0
          },
          {
            "X": 0.5381443500518799,
            "Y": 0
          },
          {
            "X": 0.5381443500518799,
            "Y": 0.41705068945884705
          },
          {
            "X": 0.36701029539108276,
            "Y": 0.41705068945884705
          }
        ]
      },
      "Id": "83b73f75-5e02-46d3-82c6-8428da7269a7",
      "Relationships": [
        {
          "Type": "CHILD",
          "Ids": [
            "3787e176-b164-4af2-837a-cdbca03a6db2"
          ]
        }
      ]
    },
    {
      "BlockType": "CELL",
      "Confidence": 89.8394546508789,
      "RowIndex": 1,
      "ColumnIndex": 4,
      "RowSpan": 1,
      "ColumnSpan": 1,
      "Geometry": {
        "BoundingBox": {
          "Width": 0.17319588363170624,
          "Height": 0.41705068945884705,
          "Left": 0.5381443500518799,
          "Top": 0
        },
        "Polygon": [
          {
            "X": 0.5381443500518799,
            "Y": 0
          },
          {
            "X": 0.7113401889801025,
            "Y": 0
          },
          {
            "X": 0.7113401889801025,
            "Y": 0.41705068945884705
          },
          {
            "X": 0.5381443500518799,
            "Y": 0.41705068945884705
          }
        ]
      },
      "Id": "d1fbcfc8-b124-4b84-abea-d93683bb082a"
    },
    {
      "BlockType": "CELL",
      "Confidence": 91.16650390625,
      "RowIndex": 1,
      "ColumnIndex": 5,
      "RowSpan": 1,
      "ColumnSpan": 1,
      "Geometry": {
        "BoundingBox": {
          "Width": 0.28789472579956055,
          "Height": 0.41705068945884705,
          "Left": 0.7113401889801025,
          "Top": 0
        },
        "Polygon": [
          {
            "X": 0.7113401889801025,
            "Y": 0
          },
          {
            "X": 0.9992349147796631,
            "Y": 0
          },
          {
            "X": 0.9992349147796631,
            "Y": 0.41705068945884705
          },
          {
            "X": 0.7113401889801025,
            "Y": 0.41705068945884705
          }
        ]
      },
      "Id": "8df0b368-44f0-45cb-8b49-41e2cd6d879a",
      "Relationships": [
        {
          "Type": "CHILD",
          "Ids": [
            "1ab1147e-1687-4246-9147-ff65663e9982",
            "68053612-acb8-43eb-bc5d-5e54f33eef5f",
            "6ec43c48-d398-42ff-99c9-0f06b6614ce7",
            "67298de9-8fb0-4a03-9366-38a86a298564",
            "ceabb2e3-5484-4e24-bcb2-5b3d2bceac65",
            "005bc9ee-0c1d-4df5-97a2-457911fa9527",
            "8aadecb7-cc6c-4903-8e43-8e593a25e989",
            "740157e9-2a83-4a5c-ab38-993b9c2ff451",
            "785d7094-b58f-4d05-be0c-f2699d2ec69e",
            "8f399931-3b14-4b62-b3b9-32737c58c3f2",
            "097e6cb9-fb43-4817-b7b6-fe0e2f0a57a6",
            "fc292c62-4278-4e74-b22e-9b3ed3567f6a",
            "e64f2291-e448-496c-a367-2703732ccffb"
          ]
        }
      ]
    },
    {
      "BlockType": "CELL",
      "Confidence": 87.82797241210938,
      "RowIndex": 2,
      "ColumnIndex": 1,
      "RowSpan": 1,
      "ColumnSpan": 1,
      "Geometry": {
        "BoundingBox": {
          "Width": 0.22237427532672882,
          "Height": 0.5750970840454102,
          "Left": 0.00030613731360062957,
          "Top": 0.41705068945884705
        },
        "Polygon": [
          {
            "X": 0.00030613731360062957,
            "Y": 0.41705068945884705
          },
          {
            "X": 0.22268041968345642,
            "Y": 0.41705068945884705
          },
          {
            "X": 0.22268041968345642,
            "Y": 0.9921477437019348
          },
          {
            "X": 0.00030613731360062957,
            "Y": 0.9921477437019348
          }
        ]
      },
      "Id": "d4f3c116-ec57-4f85-8d95-1c11b1aa5ef6",
      "Relationships": [
        {
          "Type": "CHILD",
          "Ids": [
            "aa02864e-7594-493c-a486-88b12ca5d0ef"
          ]
        }
      ]
    },
    {
      "BlockType": "CELL",
      "Confidence": 86.38508605957031,
      "RowIndex": 2,
      "ColumnIndex": 2,
      "RowSpan": 1,
      "ColumnSpan": 1,
      "Geometry": {
        "BoundingBox": {
          "Width": 0.14432989060878754,
          "Height": 0.5750970840454102,
          "Left": 0.22268041968345642,
          "Top": 0.41705068945884705
        },
        "Polygon": [
          {
            "X": 0.22268041968345642,
            "Y": 0.41705068945884705
          },
          {
            "X": 0.36701029539108276,
            "Y": 0.41705068945884705
          },
          {
            "X": 0.36701029539108276,
            "Y": 0.9921477437019348
          },
          {
            "X": 0.22268041968345642,
            "Y": 0.9921477437019348
          }
        ]
      },
      "Id": "ec560e61-75a5-40cb-abb8-2b4a53e3008d",
      "Relationships": [
        {
          "Type": "CHILD",
          "Ids": [
            "0ca22fed-c3ac-4d18-a646-47b818c2bb65"
          ]
        }
      ]
    },
    {
      "BlockType": "CELL",
      "Confidence": 87.04701232910156,
      "RowIndex": 2,
      "ColumnIndex": 3,
      "RowSpan": 1,
      "ColumnSpan": 1,
      "Geometry": {
        "BoundingBox": {
          "Width": 0.17113402485847473,
          "Height": 0.5750970840454102,
          "Left": 0.36701029539108276,
          "Top": 0.41705068945884705
        },
        "Polygon": [
          {
            "X": 0.36701029539108276,
            "Y": 0.41705068945884705
          },
          {
            "X": 0.5381443500518799,
            "Y": 0.41705068945884705
          },
          {
            "X": 0.5381443500518799,
            "Y": 0.9921477437019348
          },
          {
            "X": 0.36701029539108276,
            "Y": 0.9921477437019348
          }
        ]
      },
      "Id": "28958e19-9a97-44bf-b8f8-c016ea077937",
      "Relationships": [
        {
          "Type": "CHILD",
          "Ids": [
            "fa970429-1e66-4e32-b41d-95ba2ab03eef"
          ]
        }
      ]
    },
    {
      "BlockType": "CELL",
      "Confidence": 86.25697326660156,
      "RowIndex": 2,
      "ColumnIndex": 4,
      "RowSpan": 1,
      "ColumnSpan": 1,
      "Geometry": {
        "BoundingBox": {
          "Width": 0.17319588363170624,
          "Height": 0.5750970840454102,
          "Left": 0.5381443500518799,
          "Top": 0.41705068945884705
        },
        "Polygon": [
          {
            "X": 0.5381443500518799,
            "Y": 0.41705068945884705
          },
          {
            "X": 0.7113401889801025,
            "Y": 0.41705068945884705
          },
          {
            "X": 0.7113401889801025,
            "Y": 0.9921477437019348
          },
          {
            "X": 0.5381443500518799,
            "Y": 0.9921477437019348
          }
        ]
      },
      "Id": "639d944a-fea3-4dd1-9299-d0d5ede267a5",
      "Relationships": [
        {
          "Type": "CHILD",
          "Ids": [
            "914a9cf1-41cc-481a-9f05-e09454c12c63"
          ]
        }
      ]
    },
    {
      "BlockType": "CELL",
      "Confidence": 87.5311050415039,
      "RowIndex": 2,
      "ColumnIndex": 5,
      "RowSpan": 1,
      "ColumnSpan": 1,
      "Geometry": {
        "BoundingBox": {
          "Width": 0.28789472579956055,
          "Height": 0.5750970840454102,
          "Left": 0.7113401889801025,
          "Top": 0.41705068945884705
        },
        "Polygon": [
          {
            "X": 0.7113401889801025,
            "Y": 0.41705068945884705
          },
          {
            "X": 0.9992349147796631,
            "Y": 0.41705068945884705
          },
          {
            "X": 0.9992349147796631,
            "Y": 0.9921477437019348
          },
          {
            "X": 0.7113401889801025,
            "Y": 0.9921477437019348
          }
        ]
      },
      "Id": "9da25073-b378-4ee2-a6bb-d20b31262843",
      "Relationships": [
        {
          "Type": "CHILD",
          "Ids": [
            "3645e3e7-d8d1-4161-9d9f-fad6a8e8021d",
            "effb9914-3f20-4014-ad82-3d333597e61c",
            "e9cbc0b6-e4da-4d8a-b179-3a8af33185e1",
            "b8a39b9a-3199-4ab0-af50-e72991cdb29a",
            "42dcda98-f88f-4f1a-9039-fa5ccadfacd9",
            "a03dba1a-c378-4d4c-baa1-59a79baa1065",
            "b8974fcb-73f9-4784-bba5-15b81b9afa9b",
            "1d16a92f-71e3-4828-8862-9d1c49f783e3",
            "be2bd7ae-2856-43fc-8399-2c308f330728",
            "ee36b213-3ac5-46ca-b867-8ad37bf1731d",
            "fee3cca3-cb73-47b4-9803-1b4f09413035",
            "717d4c21-4204-4c1b-88a9-f67e603a67d9",
            "5078063d-69da-424f-8677-80787020bb1b",
            "a1c96810-55fb-4e8b-bead-cf22bfd83c51",
            "78af8d19-e65e-4780-8f5d-c8beb5b44ac6",
            "2fe3577b-662b-4c87-a225-e8a7fd911574"
          ]
        }
      ]
    }
  ],
  "AnalyzeDocumentModelVersion": "1.0"
}