{
  "DocumentMetadata": {
    "Pages": 1
  },
  "Blocks": [
    {
      "BlockType": "PAGE",
      "Geometry": {
        "BoundingBox": {
          "Width": 0.9993614554405212,
          "Height": 1,
          "Left": 0,
          "Top": 0
        },
        "Polygon": [
          {
            "X": 0,
            "Y": 0
          },
          {
            "X": 0.9993614554405212,
            "Y": 6.479043422612013e-16
          },
          {
            "X": 0.9993614554405212,
            "Y": 1
          },
          {
            "X": 0,
            "Y": 1
          }
        ]
      },
      "Id": "850ec592-e8bd-4739-a852-6828046766af",
      "Relationships": [
        {
          "Type": "CHILD",
          "Ids": [
            "8b093c2b-0afc-4c23-9247-21aa4004d216",
            "44b46d65-a61a-4373-9600-f065919898ca",
            "61ab537f-2631-4fe5-9cf3-eda35f0af876",
            "2c339fc7-ed3b-4520-a518-1e37147eb91d",
            "b1307e4c-5806-4903-8b2a-01c20634ba39",
            "ae0b86ad-5b10-42d4-9fe9-0edf7c57a72c",
            "58b76387-d6f3-43ad-a3cf-d4862e799223",
            "7dfbe840-1cc2-4b28-9994-f7990a0bc4ba",
            "77c5579c-4f82-4889-90b1-c7c0319559df",
            "4ea91333-f86d-4f30-ae6b-8eee1a539153",
            "f1564a66-c596-43bc-97fe-50ae6b38e84d",
            "44c15183-37d0-46ff-baa6-428fa0d5e914",
            "46202f98-c71a-4457-b04c-d6719634a483",
            "eccc932a-9c09-45e0-9526-7a605ed33458",
            "bddb0f35-3374-48d2-8ba8-05a7a8d9766f",
            "ceb8de45-07ff-4f46-bedc-59ae2b9e42ba",
            "e7ab0b2e-3651-41df-be0f-8827db7f8de2",
            "4a8b7659-b408-4b4d-b600-cd7cf7e5a836",
            "635d2aa0-912d-46fe-95fa-3203d69d12a5",
            "06c29492-168e-45fc-a0e2-62fc410bbf60",
            "d2ab49d9-5dae-4e62-9264-8682b29a7965"
          ]
        }
      ]
    },
    {
      "BlockType": "LINE",
      "Confidence": 93.22042083740234,
      "Text": "GPIO_FUNC255_IN_SEL_CFG_REG",
      "Geometry": {
        "BoundingBox": {
          "Width": 0.3232152462005615,
          "Height": 0.11563052237033844,
          "Left": 0,
          "Top": 0.01996486634016037
        },
        "Polygon": [
          {
            "X": 0,
            "Y": 0.01996486634016037
          },
          {
            "X": 0.3232152462005615,
            "Y": 0.01996486634016037
          },
          {
            "X": 0.3232152462005615,
            "Y": 0.1355953812599182
          },
          {
            "X": 0,
            "Y": 0.1355953812599182
          }
        ]
      },
      "Id": "8b093c2b-0afc-4c23-9247-21aa4004d216",
      "Relationships": [
        {
          "Type": "CHILD",
          "Ids": [
            "9e3e7bb1-9466-4cd6-9886-e9dd97577339"
          ]
        }
      ]
    },
    {
      "BlockType": "LINE",
      "Confidence": 99.79419708251953,
      "Text": "Peripheral function 255 input selection register",
      "Geometry": {
        "BoundingBox": {
          "Width": 0.4015013873577118,
          "Height": 0.11669930070638657,
          "Left": 0.3454268276691437,
          "Top": 0.02243388071656227
        },
        "Polygon": [
          {
            "X": 0.3454268276691437,
            "Y": 0.02243388071656227
          },
          {
            "X": 0.7469282150268555,
            "Y": 0.02243388071656227
          },
          {
            "X": 0.7469282150268555,
            "Y": 0.13913318514823914
          },
          {
            "X": 0.3454268276691437,
            "Y": 0.13913318514823914
          }
        ]
      },
      "Id": "44b46d65-a61a-4373-9600-f065919898ca",
      "Relationships": [
        {
          "Type": "CHILD",
          "Ids": [
            "1e5e779b-8c47-496a-b03e-1873a2436563",
            "51366041-c0e5-4502-93b6-8100f8387769",
            "c7e8fd42-f382-4e34-a94b-5e2fa2659741",
            "63b96c43-c68e-4f4c-8dd5-4868b7408243",
            "0b274d40-16dc-4cc3-b259-c009276f7ee0",
            "9f7d8c32-c9b5-41cf-b175-576cffba1a62"
          ]
        }
      ]
    },
    {
      "BlockType": "LINE",
      "Confidence": 84.0027847290039,
      "Text": "0x3FF4452C",
      "Geometry": {
        "BoundingBox": {
          "Width": 0.11390501260757446,
          "Height": 0.09795629978179932,
          "Left": 0.7924396991729736,
          "Top": 0.02212628535926342
        },
        "Polygon": [
          {
            "X": 0.7924396991729736,
            "Y": 0.02212628535926342
          },
          {
            "X": 0.9063447117805481,
            "Y": 0.02212628535926342
          },
          {
            "X": 0.9063447117805481,
            "Y": 0.12008258700370789
          },
          {
            "X": 0.7924396991729736,
            "Y": 0.12008258700370789
          }
        ]
      },
      "Id": "61ab537f-2631-4fe5-9cf3-eda35f0af876",
      "Relationships": [
        {
          "Type": "CHILD",
          "Ids": [
            "05bf916d-6ae6-44de-8e7d-0d721264782e"
          ]
        }
      ]
    },
    {
      "BlockType": "LINE",
      "Confidence": 98.7112045288086,
      "Text": "R/W",
      "Geometry": {
        "BoundingBox": {
          "Width": 0.0412600003182888,
          "Height": 0.09795491397380829,
          "Left": 0.9312257766723633,
          "Top": 0.02080434188246727
        },
        "Polygon": [
          {
            "X": 0.9312257766723633,
            "Y": 0.02080434188246727
          },
          {
            "X": 0.9724857807159424,
            "Y": 0.02080434188246727
          },
          {
            "X": 0.9724857807159424,
            "Y": 0.11875925958156586
          },
          {
            "X": 0.9312257766723633,
            "Y": 0.11875925958156586
          }
        ]
      },
      "Id": "2c339fc7-ed3b-4520-a518-1e37147eb91d",
      "Relationships": [
        {
          "Type": "CHILD",
          "Ids": [
            "fd07c7b6-4ba4-4bf4-a84d-8df2b93d0a4d"
          ]
        }
      ]
    },
    {
      "BlockType": "LINE",
      "Confidence": 93.18093872070312,
      "Text": "GPIO_FUNCO_OUT_SEL_CFG_REG",
      "Geometry": {
        "BoundingBox": {
          "Width": 0.32170727849006653,
          "Height": 0.11358817666769028,
          "Left": 0.001660262350924313,
          "Top": 0.19680386781692505
        },
        "Polygon": [
          {
            "X": 0.001660262350924313,
            "Y": 0.19680386781692505
          },
          {
            "X": 0.32336756587028503,
            "Y": 0.19680386781692505
          },
          {
            "X": 0.32336756587028503,
            "Y": 0.3103920519351959
          },
          {
            "X": 0.001660262350924313,
            "Y": 0.3103920519351959
          }
        ]
      },
      "Id": "b1307e4c-5806-4903-8b2a-01c20634ba39",
      "Relationships": [
        {
          "Type": "CHILD",
          "Ids": [
            "5831154d-816a-44b9-a7ca-34f11a56e1da"
          ]
        }
      ]
    },
    {
      "BlockType": "LINE",
      "Confidence": 98.09544372558594,
      "Text": "Peripheral output selection for GPIO 0",
      "Geometry": {
        "BoundingBox": {
          "Width": 0.3284783363342285,
          "Height": 0.12036561965942383,
          "Left": 0.3461556136608124,
          "Top": 0.19669196009635925
        },
        "Polygon": [
          {
            "X": 0.3461556136608124,
            "Y": 0.19669196009635925
          },
          {
            "X": 0.6746339797973633,
            "Y": 0.19669196009635925
          },
          {
            "X": 0.6746339797973633,
            "Y": 0.3170575797557831
          },
          {
            "X": 0.3461556136608124,
            "Y": 0.3170575797557831
          }
        ]
      },
      "Id": "ae0b86ad-5b10-42d4-9fe9-0edf7c57a72c",
      "Relationships": [
        {
          "Type": "CHILD",
          "Ids": [
            "609db027-c027-4148-98b4-cc9e0b93a80a",
            "a4d639db-ad9a-43b0-8c57-9837643d59c8",
            "7dc11f7f-8332-4b0d-8cae-4f79980230f4",
            "91b08740-21f0-47f6-9a23-f45e185b2570",
            "313b50f7-4b3b-4e4c-ae21-6623595a4f65",
            "bb1a53da-6d44-419e-8eb7-29f544543ae6"
          ]
        }
      ]
    },
    {
      "BlockType": "LINE",
      "Confidence": 80.55557250976562,
      "Text": "0x3FF44530",
      "Geometry": {
        "BoundingBox": {
          "Width": 0.1122593954205513,
          "Height": 0.09995748102664948,
          "Left": 0.7923133969306946,
          "Top": 0.1974753737449646
        },
        "Polygon": [
          {
            "X": 0.7923133969306946,
            "Y": 0.1974753737449646
          },
          {
            "X": 0.9045728445053101,
            "Y": 0.1974753737449646
          },
          {
            "X": 0.9045728445053101,
            "Y": 0.2974328398704529
          },
          {
            "X": 0.7923133969306946,
            "Y": 0.2974328398704529
          }
        ]
      },
      "Id": "58b76387-d6f3-43ad-a3cf-d4862e799223",
      "Relationships": [
        {
          "Type": "CHILD",
          "Ids": [
            "af02faee-5cdc-49d3-80c4-e4941fb16f13"
          ]
        }
      ]
    },
    {
      "BlockType": "LINE",
      "Confidence": 98.44072723388672,
      "Text": "R/W",
      "Geometry": {
        "BoundingBox": {
          "Width": 0.04114580154418945,
          "Height": 0.09842617809772491,
          "Left": 0.9314588308334351,
          "Top": 0.1964074671268463
        },
        "Polygon": [
          {
            "X": 0.9314588308334351,
            "Y": 0.1964074671268463
          },
          {
            "X": 0.9726046323776245,
            "Y": 0.1964074671268463
          },
          {
            "X": 0.9726046323776245,
            "Y": 0.2948336601257324
          },
          {
            "X": 0.9314588308334351,
            "Y": 0.2948336601257324
          }
        ]
      },
      "Id": "7dfbe840-1cc2-4b28-9994-f7990a0bc4ba",
      "Relationships": [
        {
          "Type": "CHILD",
          "Ids": [
            "6851bd39-6da0-4a83-94f1-0eb1e0c988d8"
          ]
        }
      ]
    },
    {
      "BlockType": "LINE",
      "Confidence": 93.59053802490234,
      "Text": "GPIO_FUNC1_OUT_SEL_CFG_REG",
      "Geometry": {
        "BoundingBox": {
          "Width": 0.31906935572624207,
          "Height": 0.10796822607517242,
          "Left": 0.0018234598683193326,
          "Top": 0.37091299891471863
        },
        "Polygon": [
          {
            "X": 0.0018234598683193326,
            "Y": 0.37091299891471863
          },
          {
            "X": 0.3208928108215332,
            "Y": 0.37091299891471863
          },
          {
            "X": 0.3208928108215332,
            "Y": 0.47888121008872986
          },
          {
            "X": 0.0018234598683193326,
            "Y": 0.47888121008872986
          }
        ]
      },
      "Id": "77c5579c-4f82-4889-90b1-c7c0319559df",
      "Relationships": [
        {
          "Type": "CHILD",
          "Ids": [
            "724fd500-98ca-44b8-ad38-de3ae5804649"
          ]
        }
      ]
    },
    {
      "BlockType": "LINE",
      "Confidence": 99.73014831542969,
      "Text": "Peripheral output selection for GPIO 1",
      "Geometry": {
        "BoundingBox": {
          "Width": 0.3256881535053253,
          "Height": 0.11896731704473495,
          "Left": 0.34618303179740906,
          "Top": 0.3668358325958252
        },
        "Polygon": [
          {
            "X": 0.34618303179740906,
            "Y": 0.3668358325958252
          },
          {
            "X": 0.6718711853027344,
            "Y": 0.3668358325958252
          },
          {
            "X": 0.6718711853027344,
            "Y": 0.48580312728881836
          },
          {
            "X": 0.34618303179740906,
            "Y": 0.48580312728881836
          }
        ]
      },
      "Id": "4ea91333-f86d-4f30-ae6b-8eee1a539153",
      "Relationships": [
        {
          "Type": "CHILD",
          "Ids": [
            "9e5ce6c9-bb4b-4350-98c4-a4b901b84159",
            "ab743797-dfe1-4741-b220-8948048a9627",
            "34a67394-d1ee-421d-9b43-d725c3cc0e23",
            "53fc9561-6986-498f-a226-faa70c0f182c",
            "ceca43ba-9e4c-4e13-9404-31536eb5827b",
            "1dda5059-0e29-4783-9922-d7e0b832d13c"
          ]
        }
      ]
    },
    {
      "BlockType": "LINE",
      "Confidence": 74.718505859375,
      "Text": "0x3FF44534",
      "Geometry": {
        "BoundingBox": {
          "Width": 0.11155176162719727,
          "Height": 0.10015323013067245,
          "Left": 0.7918769717216492,
          "Top": 0.3666686415672302
        },
        "Polygon": [
          {
            "X": 0.7918769717216492,
            "Y": 0.3666686415672302
          },
          {
            "X": 0.9034287333488464,
            "Y": 0.3666686415672302
          },
          {
            "X": 0.9034287333488464,
            "Y": 0.4668218791484833
          },
          {
            "X": 0.7918769717216492,
            "Y": 0.4668218791484833
          }
        ]
      },
      "Id": "f1564a66-c596-43bc-97fe-50ae6b38e84d",
      "Relationships": [
        {
          "Type": "CHILD",
          "Ids": [
            "b59fc80e-57c1-4ea1-8364-fe16037d9da8"
          ]
        }
      ]
    },
    {
      "BlockType": "LINE",
      "Confidence": 98.73835754394531,
      "Text": "R/W",
      "Geometry": {
        "BoundingBox": {
          "Width": 0.0411083847284317,
          "Height": 0.09732452780008316,
          "Left": 0.9314472079277039,
          "Top": 0.36687880754470825
        },
        "Polygon": [
          {
            "X": 0.9314472079277039,
            "Y": 0.36687880754470825
          },
          {
            "X": 0.9725556373596191,
            "Y": 0.36687880754470825
          },
          {
            "X": 0.9725556373596191,
            "Y": 0.4642033576965332
          },
          {
            "X": 0.9314472079277039,
            "Y": 0.4642033576965332
          }
        ]
      },
      "Id": "44c15183-37d0-46ff-baa6-428fa0d5e914",
      "Relationships": [
        {
          "Type": "CHILD",
          "Ids": [
            "5b10a5f7-b2a4-4145-89b7-f68f3b24c11b"
          ]
        }
      ]
    },
    {
      "BlockType": "LINE",
      "Confidence": 91.22384643554688,
      "Text": "GPIO_FUNC38_OUT_SEL_CFG_REG",
      "Geometry": {
        "BoundingBox": {
          "Width": 0.3222728371620178,
          "Height": 0.11555486172437668,
          "Left": 0.001163457753136754,
          "Top": 0.7053278088569641
        },
        "Polygon": [
          {
            "X": 0.001163457753136754,
            "Y": 0.7053278088569641
          },
          {
            "X": 0.32343629002571106,
            "Y": 0.7053278088569641
          },
          {
            "X": 0.32343629002571106,
            "Y": 0.8208826184272766
          },
          {
            "X": 0.001163457753136754,
            "Y": 0.8208826184272766
          }
        ]
      },
      "Id": "46202f98-c71a-4457-b04c-d6719634a483",
      "Relationships": [
        {
          "Type": "CHILD",
          "Ids": [
            "13ef29b3-273f-4371-8c1b-32f5f7e5eb84"
          ]
        }
      ]
    },
    {
      "BlockType": "LINE",
      "Confidence": 99.71208953857422,
      "Text": "Peripheral output selection for GPIO 38",
      "Geometry": {
        "BoundingBox": {
          "Width": 0.34024032950401306,
          "Height": 0.11917763948440552,
          "Left": 0.34544864296913147,
          "Top": 0.7064406871795654
        },
        "Polygon": [
          {
            "X": 0.34544864296913147,
            "Y": 0.7064406871795654
          },
          {
            "X": 0.6856889724731445,
            "Y": 0.7064406871795654
          },
          {
            "X": 0.6856889724731445,
            "Y": 0.825618326663971
          },
          {
            "X": 0.34544864296913147,
            "Y": 0.825618326663971
          }
        ]
      },
      "Id": "eccc932a-9c09-45e0-9526-7a605ed33458",
      "Relationships": [
        {
          "Type": "CHILD",
          "Ids": [
            "752cf3f2-efbd-4f31-b5c1-1a676c428210",
            "eb3b1d30-bbb5-4a43-897f-74603f3d1ed6",
            "a218ef38-bb42-4b4f-96be-c3f9d3170a06",
            "09364845-0bd8-4d44-8c60-5893b0971e09",
            "ac32da2f-f9e5-43db-b963-9721920ca2da",
            "e5c39947-4072-47e6-9274-4319213b2ab9"
          ]
        }
      ]
    },
    {
      "BlockType": "LINE",
      "Confidence": 72.09941101074219,
      "Text": "0x3FF445C8",
      "Geometry": {
        "BoundingBox": {
          "Width": 0.11503123492002487,
          "Height": 0.09693852066993713,
          "Left": 0.7917974591255188,
          "Top": 0.7086902856826782
        },
        "Polygon": [
          {
            "X": 0.7917974591255188,
            "Y": 0.7086902856826782
          },
          {
            "X": 0.9068287014961243,
            "Y": 0.7086902856826782
          },
          {
            "X": 0.9068287014961243,
            "Y": 0.805628776550293
          },
          {
            "X": 0.7917974591255188,
            "Y": 0.805628776550293
          }
        ]
      },
      "Id": "bddb0f35-3374-48d2-8ba8-05a7a8d9766f",
      "Relationships": [
        {
          "Type": "CHILD",
          "Ids": [
            "52ed725f-e86d-4ee2-a2fb-b6c462162270"
          ]
        }
      ]
    },
    {
      "BlockType": "LINE",
      "Confidence": 99.03712463378906,
      "Text": "R/W",
      "Geometry": {
        "BoundingBox": {
          "Width": 0.04093744233250618,
          "Height": 0.09559456259012222,
          "Left": 0.9313309192657471,
          "Top": 0.7084506750106812
        },
        "Polygon": [
          {
            "X": 0.9313309192657471,
            "Y": 0.7084506750106812
          },
          {
            "X": 0.9722683429718018,
            "Y": 0.7084506750106812
          },
          {
            "X": 0.9722683429718018,
            "Y": 0.8040452599525452
          },
          {
            "X": 0.9313309192657471,
            "Y": 0.8040452599525452
          }
        ]
      },
      "Id": "ceb8de45-07ff-4f46-bedc-59ae2b9e42ba",
      "Relationships": [
        {
          "Type": "CHILD",
          "Ids": [
            "a00f96df-debb-4dbe-be67-2fe6fd015ac1"
          ]
        }
      ]
    },
    {
      "BlockType": "LINE",
      "Confidence": 94.70045471191406,
      "Text": "GPIO_FUNC39_OUT_SEL_CFG_REG",
      "Geometry": {
        "BoundingBox": {
          "Width": 0.3331875801086426,
          "Height": 0.11334537714719772,
          "Left": 0.0007860410842113197,
          "Top": 0.8759114146232605
        },
        "Polygon": [
          {
            "X": 0.0007860410842113197,
            "Y": 0.8759114146232605
          },
          {
            "X": 0.33397361636161804,
            "Y": 0.8759114146232605
          },
          {
            "X": 0.33397361636161804,
            "Y": 0.9892567992210388
          },
          {
            "X": 0.0007860410842113197,
            "Y": 0.9892567992210388
          }
        ]
      },
      "Id": "e7ab0b2e-3651-41df-be0f-8827db7f8de2",
      "Relationships": [
        {
          "Type": "CHILD",
          "Ids": [
            "1924420e-eca1-42d7-a52c-60da8d028df0"
          ]
        }
      ]
    },
    {
      "BlockType": "LINE",
      "Confidence": 99.77788543701172,
      "Text": "Peripheral output selection for GPIO 39",
      "Geometry": {
        "BoundingBox": {
          "Width": 0.33919310569763184,
          "Height": 0.1182715967297554,
          "Left": 0.3462872803211212,
          "Top": 0.8756089210510254
        },
        "Polygon": [
          {
            "X": 0.3462872803211212,
            "Y": 0.8756089210510254
          },
          {
            "X": 0.6854803562164307,
            "Y": 0.8756089210510254
          },
          {
            "X": 0.6854803562164307,
            "Y": 0.9938805103302002
          },
          {
            "X": 0.3462872803211212,
            "Y": 0.9938805103302002
          }
        ]
      },
      "Id": "4a8b7659-b408-4b4d-b600-cd7cf7e5a836",
      "Relationships": [
        {
          "Type": "CHILD",
          "Ids": [
            "aee59423-d9c8-4ff5-9b5f-77ef94ef7f15",
            "54c35054-44bc-4d7c-8c1c-5c1b72db168e",
            "da932a41-32f8-47d8-90ba-87760b1edcf4",
            "71dfee6f-798e-4a2b-9e82-1c6ddd6b2942",
            "fd02f514-4237-4795-9bf6-e974acb84174",
            "21f63c07-e8fd-4650-8ff3-02f6f55fd004"
          ]
        }
      ]
    },
    {
      "BlockType": "LINE",
      "Confidence": 86.3084945678711,
      "Text": "0x3FF445CC",
      "Geometry": {
        "BoundingBox": {
          "Width": 0.1170177236199379,
          "Height": 0.0959736555814743,
          "Left": 0.7926409840583801,
          "Top": 0.8782920837402344
        },
        "Polygon": [
          {
            "X": 0.7926409840583801,
            "Y": 0.8782920837402344
          },
          {
            "X": 0.909658670425415,
            "Y": 0.8782920837402344
          },
          {
            "X": 0.909658670425415,
            "Y": 0.9742657542228699
          },
          {
            "X": 0.7926409840583801,
            "Y": 0.9742657542228699
          }
        ]
      },
      "Id": "635d2aa0-912d-46fe-95fa-3203d69d12a5",
      "Relationships": [
        {
          "Type": "CHILD",
          "Ids": [
            "dc043464-02a1-4f61-a21f-d5591caea288"
          ]
        }
      ]
    },
    {
      "BlockType": "LINE",
      "Confidence": 99.36004638671875,
      "Text": "R/W",
      "Geometry": {
        "BoundingBox": {
          "Width": 0.04094071313738823,
          "Height": 0.09520308673381805,
          "Left": 0.9314706921577454,
          "Top": 0.8771395087242126
        },
        "Polygon": [
          {
            "X": 0.9314706921577454,
            "Y": 0.8771395087242126
          },
          {
            "X": 0.9724113941192627,
            "Y": 0.8771395087242126
          },
          {
            "X": 0.9724113941192627,
            "Y": 0.9723426103591919
          },
          {
            "X": 0.9314706921577454,
            "Y": 0.9723426103591919
          }
        ]
      },
      "Id": "06c29492-168e-45fc-a0e2-62fc410bbf60",
      "Relationships": [
        {
          "Type": "CHILD",
          "Ids": [
            "ddc89d64-54c3-4553-9a30-80127e927307"
          ]
        }
      ]
    },
    {
      "BlockType": "WORD",
      "Confidence": 93.22042083740234,
      "Text": "GPIO_FUNC255_IN_SEL_CFG_REG",
      "TextType": "PRINTED",
      "Geometry": {
        "BoundingBox": {
          "Width": 0.3232152462005615,
          "Height": 0.11563052237033844,
          "Left": 0,
          "Top": 0.01996486634016037
        },
        "Polygon": [
          {
            "X": 0,
            "Y": 0.01996486634016037
          },
          {
            "X": 0.3232152462005615,
            "Y": 0.01996486634016037
          },
          {
            "X": 0.3232152462005615,
            "Y": 0.1355953812599182
          },
          {
            "X": 0,
            "Y": 0.1355953812599182
          }
        ]
      },
      "Id": "9e3e7bb1-9466-4cd6-9886-e9dd97577339"
    },
    {
      "BlockType": "WORD",
      "Confidence": 99.4279556274414,
      "Text": "Peripheral",
      "TextType": "PRINTED",
      "Geometry": {
        "BoundingBox": {
          "Width": 0.08882809430360794,
          "Height": 0.11359135806560516,
          "Left": 0.3454268276691437,
          "Top": 0.023580271750688553
        },
        "Polygon": [
          {
            "X": 0.3454268276691437,
            "Y": 0.023580271750688553
          },
          {
            "X": 0.434254914522171,
            "Y": 0.023580271750688553
          },
          {
            "X": 0.434254914522171,
            "Y": 0.13717162609100342
          },
          {
            "X": 0.3454268276691437,
            "Y": 0.13717162609100342
          }
        ]
      },
      "Id": "1e5e779b-8c47-496a-b03e-1873a2436563"
    },
    {
      "BlockType": "WORD",
      "Confidence": 99.93350219726562,
      "Text": "function",
      "TextType": "PRINTED",
      "Geometry": {
        "BoundingBox": {
          "Width": 0.07080522179603577,
          "Height": 0.09728427231311798,
          "Left": 0.4372612237930298,
          "Top": 0.02243388071656227
        },
        "Polygon": [
          {
            "X": 0.4372612237930298,
            "Y": 0.02243388071656227
          },
          {
            "X": 0.5080664753913879,
            "Y": 0.02243388071656227
          },
          {
            "X": 0.5080664753913879,
            "Y": 0.11971814930438995
          },
          {
            "X": 0.4372612237930298,
            "Y": 0.11971814930438995
          }
        ]
      },
      "Id": "51366041-c0e5-4502-93b6-8100f8387769"
    },
    {
      "BlockType": "WORD",
      "Confidence": 99.90049743652344,
      "Text": "255",
      "TextType": "PRINTED",
      "Geometry": {
        "BoundingBox": {
          "Width": 0.03505612164735794,
          "Height": 0.09675921499729156,
          "Left": 0.5118032693862915,
          "Top": 0.022837059572339058
        },
        "Polygon": [
          {
            "X": 0.5118032693862915,
            "Y": 0.022837059572339058
          },
          {
            "X": 0.5468593835830688,
            "Y": 0.022837059572339058
          },
          {
            "X": 0.5468593835830688,
            "Y": 0.11959627270698547
          },
          {
            "X": 0.5118032693862915,
            "Y": 0.11959627270698547
          }
        ]
      },
      "Id": "c7e8fd42-f382-4e34-a94b-5e2fa2659741"
    },
    {
      "BlockType": "WORD",
      "Confidence": 99.840576171875,
      "Text": "input",
      "TextType": "PRINTED",
      "Geometry": {
        "BoundingBox": {
          "Width": 0.045724764466285706,
          "Height": 0.1158524826169014,
          "Left": 0.550477147102356,
          "Top": 0.022884679958224297
        },
        "Polygon": [
          {
            "X": 0.550477147102356,
            "Y": 0.022884679958224297
          },
          {
            "X": 0.5962018966674805,
            "Y": 0.022884679958224297
          },
          {
            "X": 0.5962018966674805,
            "Y": 0.13873715698719025
          },
          {
            "X": 0.550477147102356,
            "Y": 0.13873715698719025
          }
        ]
      },
      "Id": "63b96c43-c68e-4f4c-8dd5-4868b7408243"
    },
    {
      "BlockType": "WORD",
      "Confidence": 99.7800521850586,
      "Text": "selection",
      "TextType": "PRINTED",
      "Geometry": {
        "BoundingBox": {
          "Width": 0.07863343507051468,
          "Height": 0.09400278329849243,
          "Left": 0.5982442498207092,
          "Top": 0.02526162564754486
        },
        "Polygon": [
          {
            "X": 0.5982442498207092,
            "Y": 0.02526162564754486
          },
          {
            "X": 0.6768776774406433,
            "Y": 0.02526162564754486
          },
          {
            "X": 0.6768776774406433,
            "Y": 0.11926440894603729
          },
          {
            "X": 0.5982442498207092,
            "Y": 0.11926440894603729
          }
        ]
      },
      "Id": "0b274d40-16dc-4cc3-b259-c009276f7ee0"
    },
    {
      "BlockType": "WORD",
      "Confidence": 99.88259887695312,
      "Text": "register",
      "TextType": "PRINTED",
      "Geometry": {
        "BoundingBox": {
          "Width": 0.06635963916778564,
          "Height": 0.11353472620248795,
          "Left": 0.6805685758590698,
          "Top": 0.02559845894575119
        },
        "Polygon": [
          {
            "X": 0.6805685758590698,
            "Y": 0.02559845894575119
          },
          {
            "X": 0.7469282150268555,
            "Y": 0.02559845894575119
          },
          {
            "X": 0.7469282150268555,
            "Y": 0.13913318514823914
          },
          {
            "X": 0.6805685758590698,
            "Y": 0.13913318514823914
          }
        ]
      },
      "Id": "9f7d8c32-c9b5-41cf-b175-576cffba1a62"
    },
    {
      "BlockType": "WORD",
      "Confidence": 84.0027847290039,
      "Text": "0x3FF4452C",
      "TextType": "PRINTED",
      "Geometry": {
        "BoundingBox": {
          "Width": 0.11390501260757446,
          "Height": 0.09795629978179932,
          "Left": 0.7924396991729736,
          "Top": 0.02212628535926342
        },
        "Polygon": [
          {
            "X": 0.7924396991729736,
            "Y": 0.02212628535926342
          },
          {
            "X": 0.9063447117805481,
            "Y": 0.02212628535926342
          },
          {
            "X": 0.9063447117805481,
            "Y": 0.12008258700370789
          },
          {
            "X": 0.7924396991729736,
            "Y": 0.12008258700370789
          }
        ]
      },
      "Id": "05bf916d-6ae6-44de-8e7d-0d721264782e"
    },
    {
      "BlockType": "WORD",
      "Confidence": 98.7112045288086,
      "Text": "R/W",
      "TextType": "PRINTED",
      "Geometry": {
        "BoundingBox": {
          "Width": 0.0412600003182888,
          "Height": 0.09795491397380829,
          "Left": 0.9312257766723633,
          "Top": 0.02080434188246727
        },
        "Polygon": [
          {
            "X": 0.9312257766723633,
            "Y": 0.02080434188246727
          },
          {
            "X": 0.9724857807159424,
            "Y": 0.02080434188246727
          },
          {
            "X": 0.9724857807159424,
            "Y": 0.11875925958156586
          },
          {
            "X": 0.9312257766723633,
            "Y": 0.11875925958156586
          }
        ]
      },
      "Id": "fd07c7b6-4ba4-4bf4-a84d-8df2b93d0a4d"
    },
    {
      "BlockType": "WORD",
      "Confidence": 93.18093872070312,
      "Text": "GPIO_FUNCO_OUT_SEL_CFG_REG",
      "TextType": "PRINTED",
      "Geometry": {
        "BoundingBox": {
          "Width": 0.32170727849006653,
          "Height": 0.11358817666769028,
          "Left": 0.001660262350924313,
          "Top": 0.19680386781692505
        },
        "Polygon": [
          {
            "X": 0.001660262350924313,
            "Y": 0.19680386781692505
          },
          {
            "X": 0.32336756587028503,
            "Y": 0.19680386781692505
          },
          {
            "X": 0.32336756587028503,
            "Y": 0.3103920519351959
          },
          {
            "X": 0.001660262350924313,
            "Y": 0.3103920519351959
          }
        ]
      },
      "Id": "5831154d-816a-44b9-a7ca-34f11a56e1da"
    },
    {
      "BlockType": "WORD",
      "Confidence": 99.72904205322266,
      "Text": "Peripheral",
      "TextType": "PRINTED",
      "Geometry": {
        "BoundingBox": {
          "Width": 0.08803451806306839,
          "Height": 0.12036561965942383,
          "Left": 0.3461556136608124,
          "Top": 0.19669196009635925
        },
        "Polygon": [
          {
            "X": 0.3461556136608124,
            "Y": 0.19669196009635925
          },
          {
            "X": 0.43419015407562256,
            "Y": 0.19669196009635925
          },
          {
            "X": 0.43419015407562256,
            "Y": 0.3170575797557831
          },
          {
            "X": 0.3461556136608124,
            "Y": 0.3170575797557831
          }
        ]
      },
      "Id": "609db027-c027-4148-98b4-cc9e0b93a80a"
    },
    {
      "BlockType": "WORD",
      "Confidence": 99.47779083251953,
      "Text": "output",
      "TextType": "PRINTED",
      "Geometry": {
        "BoundingBox": {
          "Width": 0.058505743741989136,
          "Height": 0.11088897287845612,
          "Left": 0.43768876791000366,
          "Top": 0.20362351834774017
        },
        "Polygon": [
          {
            "X": 0.43768876791000366,
            "Y": 0.20362351834774017
          },
          {
            "X": 0.4961945116519928,
            "Y": 0.20362351834774017
          },
          {
            "X": 0.4961945116519928,
            "Y": 0.3145124912261963
          },
          {
            "X": 0.43768876791000366,
            "Y": 0.3145124912261963
          }
        ]
      },
      "Id": "a4d639db-ad9a-43b0-8c57-9837643d59c8"
    },
    {
      "BlockType": "WORD",
      "Confidence": 99.83586883544922,
      "Text": "selection",
      "TextType": "PRINTED",
      "Geometry": {
        "BoundingBox": {
          "Width": 0.07813084870576859,
          "Height": 0.09486445784568787,
          "Left": 0.4994440972805023,
          "Top": 0.2014090120792389
        },
        "Polygon": [
          {
            "X": 0.4994440972805023,
            "Y": 0.2014090120792389
          },
          {
            "X": 0.5775749683380127,
            "Y": 0.2014090120792389
          },
          {
            "X": 0.5775749683380127,
            "Y": 0.29627346992492676
          },
          {
            "X": 0.4994440972805023,
            "Y": 0.29627346992492676
          }
        ]
      },
      "Id": "7dc11f7f-8332-4b0d-8cae-4f79980230f4"
    },
    {
      "BlockType": "WORD",
      "Confidence": 99.98388671875,
      "Text": "for",
      "TextType": "PRINTED",
      "Geometry": {
        "BoundingBox": {
          "Width": 0.025818338617682457,
          "Height": 0.09742443263530731,
          "Left": 0.5802844762802124,
          "Top": 0.19694514572620392
        },
        "Polygon": [
          {
            "X": 0.5802844762802124,
            "Y": 0.19694514572620392
          },
          {
            "X": 0.6061028242111206,
            "Y": 0.19694514572620392
          },
          {
            "X": 0.6061028242111206,
            "Y": 0.29436957836151123
          },
          {
            "X": 0.5802844762802124,
            "Y": 0.29436957836151123
          }
        ]
      },
      "Id": "91b08740-21f0-47f6-9a23-f45e185b2570"
    },
    {
      "BlockType": "WORD",
      "Confidence": 99.78304290771484,
      "Text": "GPIO",
      "TextType": "PRINTED",
      "Geometry": {
        "BoundingBox": {
          "Width": 0.04906497895717621,
          "Height": 0.09782096743583679,
          "Left": 0.6087443232536316,
          "Top": 0.19699041545391083
        },
        "Polygon": [
          {
            "X": 0.6087443232536316,
            "Y": 0.19699041545391083
          },
          {
            "X": 0.657809317111969,
            "Y": 0.19699041545391083
          },
          {
            "X": 0.657809317111969,
            "Y": 0.2948113679885864
          },
          {
            "X": 0.6087443232536316,
            "Y": 0.2948113679885864
          }
        ]
      },
      "Id": "313b50f7-4b3b-4e4c-ae21-6623595a4f65"
    },
    {
      "BlockType": "WORD",
      "Confidence": 89.7630386352539,
      "Text": "0",
      "TextType": "PRINTED",
      "Geometry": {
        "BoundingBox": {
          "Width": 0.01356625184416771,
          "Height": 0.09212331473827362,
          "Left": 0.6610677242279053,
          "Top": 0.20219756662845612
        },
        "Polygon": [
          {
            "X": 0.6610677242279053,
            "Y": 0.20219756662845612
          },
          {
            "X": 0.6746339797973633,
            "Y": 0.20219756662845612
          },
          {
            "X": 0.6746339797973633,
            "Y": 0.29432088136672974
          },
          {
            "X": 0.6610677242279053,
            "Y": 0.29432088136672974
          }
        ]
      },
      "Id": "bb1a53da-6d44-419e-8eb7-29f544543ae6"
    },
    {
      "BlockType": "WORD",
      "Confidence": 80.55557250976562,
      "Text": "0x3FF44530",
      "TextType": "PRINTED",
      "Geometry": {
        "BoundingBox": {
          "Width": 0.1122593954205513,
          "Height": 0.09995748102664948,
          "Left": 0.7923133969306946,
          "Top": 0.1974753737449646
        },
        "Polygon": [
          {
            "X": 0.7923133969306946,
            "Y": 0.1974753737449646
          },
          {
            "X": 0.9045728445053101,
            "Y": 0.1974753737449646
          },
          {
            "X": 0.9045728445053101,
            "Y": 0.2974328398704529
          },
          {
            "X": 0.7923133969306946,
            "Y": 0.2974328398704529
          }
        ]
      },
      "Id": "af02faee-5cdc-49d3-80c4-e4941fb16f13"
    },
    {
      "BlockType": "WORD",
      "Confidence": 98.44072723388672,
      "Text": "R/W",
      "TextType": "PRINTED",
      "Geometry": {
        "BoundingBox": {
          "Width": 0.04114580154418945,
          "Height": 0.09842617809772491,
          "Left": 0.9314588308334351,
          "Top": 0.1964074671268463
        },
        "Polygon": [
          {
            "X": 0.9314588308334351,
            "Y": 0.1964074671268463
          },
          {
            "X": 0.9726046323776245,
            "Y": 0.1964074671268463
          },
          {
            "X": 0.9726046323776245,
            "Y": 0.2948336601257324
          },
          {
            "X": 0.9314588308334351,
            "Y": 0.2948336601257324
          }
        ]
      },
      "Id": "6851bd39-6da0-4a83-94f1-0eb1e0c988d8"
    },
    {
      "BlockType": "WORD",
      "Confidence": 93.59053802490234,
      "Text": "GPIO_FUNC1_OUT_SEL_CFG_REG",
      "TextType": "PRINTED",
      "Geometry": {
        "BoundingBox": {
          "Width": 0.31906935572624207,
          "Height": 0.10796822607517242,
          "Left": 0.0018234598683193326,
          "Top": 0.37091299891471863
        },
        "Polygon": [
          {
            "X": 0.0018234598683193326,
            "Y": 0.37091299891471863
          },
          {
            "X": 0.3208928108215332,
            "Y": 0.37091299891471863
          },
          {
            "X": 0.3208928108215332,
            "Y": 0.47888121008872986
          },
          {
            "X": 0.0018234598683193326,
            "Y": 0.47888121008872986
          }
        ]
      },
      "Id": "724fd500-98ca-44b8-ad38-de3ae5804649"
    },
    {
      "BlockType": "WORD",
      "Confidence": 99.68325805664062,
      "Text": "Peripheral",
      "TextType": "PRINTED",
      "Geometry": {
        "BoundingBox": {
          "Width": 0.08825480937957764,
          "Height": 0.1189580112695694,
          "Left": 0.34618303179740906,
          "Top": 0.36684513092041016
        },
        "Polygon": [
          {
            "X": 0.34618303179740906,
            "Y": 0.36684513092041016
          },
          {
            "X": 0.4344378411769867,
            "Y": 0.36684513092041016
          },
          {
            "X": 0.4344378411769867,
            "Y": 0.48580312728881836
          },
          {
            "X": 0.34618303179740906,
            "Y": 0.48580312728881836
          }
        ]
      },
      "Id": "9e5ce6c9-bb4b-4350-98c4-a4b901b84159"
    },
    {
      "BlockType": "WORD",
      "Confidence": 99.51268005371094,
      "Text": "output",
      "TextType": "PRINTED",
      "Geometry": {
        "BoundingBox": {
          "Width": 0.057922013103961945,
          "Height": 0.10807356983423233,
          "Left": 0.438215970993042,
          "Top": 0.3740513324737549
        },
        "Polygon": [
          {
            "X": 0.438215970993042,
            "Y": 0.3740513324737549
          },
          {
            "X": 0.49613797664642334,
            "Y": 0.3740513324737549
          },
          {
            "X": 0.49613797664642334,
            "Y": 0.4821248948574066
          },
          {
            "X": 0.438215970993042,
            "Y": 0.4821248948574066
          }
        ]
      },
      "Id": "ab743797-dfe1-4741-b220-8948048a9627"
    },
    {
      "BlockType": "WORD",
      "Confidence": 99.82584381103516,
      "Text": "selection",
      "TextType": "PRINTED",
      "Geometry": {
        "BoundingBox": {
          "Width": 0.0780942514538765,
          "Height": 0.09467462450265884,
          "Left": 0.49957236647605896,
          "Top": 0.37082937359809875
        },
        "Polygon": [
          {
            "X": 0.49957236647605896,
            "Y": 0.37082937359809875
          },
          {
            "X": 0.5776666402816772,
            "Y": 0.37082937359809875
          },
          {
            "X": 0.5776666402816772,
            "Y": 0.465503990650177
          },
          {
            "X": 0.49957236647605896,
            "Y": 0.465503990650177
          }
        ]
      },
      "Id": "34a67394-d1ee-421d-9b43-d725c3cc0e23"
    },
    {
      "BlockType": "WORD",
      "Confidence": 99.98979187011719,
      "Text": "for",
      "TextType": "PRINTED",
      "Geometry": {
        "BoundingBox": {
          "Width": 0.025642015039920807,
          "Height": 0.09547671675682068,
          "Left": 0.5804452896118164,
          "Top": 0.3682462275028229
        },
        "Polygon": [
          {
            "X": 0.5804452896118164,
            "Y": 0.3682462275028229
          },
          {
            "X": 0.6060872673988342,
            "Y": 0.3682462275028229
          },
          {
            "X": 0.6060872673988342,
            "Y": 0.46372294425964355
          },
          {
            "X": 0.5804452896118164,
            "Y": 0.46372294425964355
          }
        ]
      },
      "Id": "53fc9561-6986-498f-a226-faa70c0f182c"
    },
    {
      "BlockType": "WORD",
      "Confidence": 99.61622619628906,
      "Text": "GPIO",
      "TextType": "PRINTED",
      "Geometry": {
        "BoundingBox": {
          "Width": 0.04906049370765686,
          "Height": 0.09791405498981476,
          "Left": 0.6089501976966858,
          "Top": 0.3668358325958252
        },
        "Polygon": [
          {
            "X": 0.6089501976966858,
            "Y": 0.3668358325958252
          },
          {
            "X": 0.6580106616020203,
            "Y": 0.3668358325958252
          },
          {
            "X": 0.6580106616020203,
            "Y": 0.46474987268447876
          },
          {
            "X": 0.6089501976966858,
            "Y": 0.46474987268447876
          }
        ]
      },
      "Id": "ceca43ba-9e4c-4e13-9404-31536eb5827b"
    },
    {
      "BlockType": "WORD",
      "Confidence": 99.75309753417969,
      "Text": "1",
      "TextType": "PRINTED",
      "Geometry": {
        "BoundingBox": {
          "Width": 0.008891567587852478,
          "Height": 0.089821457862854,
          "Left": 0.6629796028137207,
          "Top": 0.3737283945083618
        },
        "Polygon": [
          {
            "X": 0.6629796028137207,
            "Y": 0.3737283945083618
          },
          {
            "X": 0.6718711853027344,
            "Y": 0.3737283945083618
          },
          {
            "X": 0.6718711853027344,
            "Y": 0.4635498523712158
          },
          {
            "X": 0.6629796028137207,
            "Y": 0.4635498523712158
          }
        ]
      },
      "Id": "1dda5059-0e29-4783-9922-d7e0b832d13c"
    },
    {
      "BlockType": "WORD",
      "Confidence": 74.718505859375,
      "Text": "0x3FF44534",
      "TextType": "PRINTED",
      "Geometry": {
        "BoundingBox": {
          "Width": 0.11155176162719727,
          "Height": 0.10015323013067245,
          "Left": 0.7918769717216492,
          "Top": 0.3666686415672302
        },
        "Polygon": [
          {
            "X": 0.7918769717216492,
            "Y": 0.3666686415672302
          },
          {
            "X": 0.9034287333488464,
            "Y": 0.3666686415672302
          },
          {
            "X": 0.9034287333488464,
            "Y": 0.4668218791484833
          },
          {
            "X": 0.7918769717216492,
            "Y": 0.4668218791484833
          }
        ]
      },
      "Id": "b59fc80e-57c1-4ea1-8364-fe16037d9da8"
    },
    {
      "BlockType": "WORD",
      "Confidence": 98.73835754394531,
      "Text": "R/W",
      "TextType": "PRINTED",
      "Geometry": {
        "BoundingBox": {
          "Width": 0.0411083847284317,
          "Height": 0.09732452780008316,
          "Left": 0.9314472079277039,
          "Top": 0.36687880754470825
        },
        "Polygon": [
          {
            "X": 0.9314472079277039,
            "Y": 0.36687880754470825
          },
          {
            "X": 0.9725556373596191,
            "Y": 0.36687880754470825
          },
          {
            "X": 0.9725556373596191,
            "Y": 0.4642033576965332
          },
          {
            "X": 0.9314472079277039,
            "Y": 0.4642033576965332
          }
        ]
      },
      "Id": "5b10a5f7-b2a4-4145-89b7-f68f3b24c11b"
    },
    {
      "BlockType": "WORD",
      "Confidence": 91.22384643554688,
      "Text": "GPIO_FUNC38_OUT_SEL_CFG_REG",
      "TextType": "PRINTED",
      "Geometry": {
        "BoundingBox": {
          "Width": 0.3222728371620178,
          "Height": 0.11555486172437668,
          "Left": 0.001163457753136754,
          "Top": 0.7053278088569641
        },
        "Polygon": [
          {
            "X": 0.001163457753136754,
            "Y": 0.7053278088569641
          },
          {
            "X": 0.32343629002571106,
            "Y": 0.7053278088569641
          },
          {
            "X": 0.32343629002571106,
            "Y": 0.8208826184272766
          },
          {
            "X": 0.001163457753136754,
            "Y": 0.8208826184272766
          }
        ]
      },
      "Id": "13ef29b3-273f-4371-8c1b-32f5f7e5eb84"
    },
    {
      "BlockType": "WORD",
      "Confidence": 99.5401611328125,
      "Text": "Peripheral",
      "TextType": "PRINTED",
      "Geometry": {
        "BoundingBox": {
          "Width": 0.08912621438503265,
          "Height": 0.11917763948440552,
          "Left": 0.34544864296913147,
          "Top": 0.7064406871795654
        },
        "Polygon": [
          {
            "X": 0.34544864296913147,
            "Y": 0.7064406871795654
          },
          {
            "X": 0.4345748722553253,
            "Y": 0.7064406871795654
          },
          {
            "X": 0.4345748722553253,
            "Y": 0.825618326663971
          },
          {
            "X": 0.34544864296913147,
            "Y": 0.825618326663971
          }
        ]
      },
      "Id": "752cf3f2-efbd-4f31-b5c1-1a676c428210"
    },
    {
      "BlockType": "WORD",
      "Confidence": 99.48881530761719,
      "Text": "output",
      "TextType": "PRINTED",
      "Geometry": {
        "BoundingBox": {
          "Width": 0.05803664028644562,
          "Height": 0.10913926362991333,
          "Left": 0.4378918707370758,
          "Top": 0.712647557258606
        },
        "Polygon": [
          {
            "X": 0.4378918707370758,
            "Y": 0.712647557258606
          },
          {
            "X": 0.49592849612236023,
            "Y": 0.712647557258606
          },
          {
            "X": 0.49592849612236023,
            "Y": 0.8217868208885193
          },
          {
            "X": 0.4378918707370758,
            "Y": 0.8217868208885193
          }
        ]
      },
      "Id": "eb3b1d30-bbb5-4a43-897f-74603f3d1ed6"
    },
    {
      "BlockType": "WORD",
      "Confidence": 99.82344818115234,
      "Text": "selection",
      "TextType": "PRINTED",
      "Geometry": {
        "BoundingBox": {
          "Width": 0.07851502299308777,
          "Height": 0.09641539305448532,
          "Left": 0.49914610385894775,
          "Top": 0.709370493888855
        },
        "Polygon": [
          {
            "X": 0.49914610385894775,
            "Y": 0.709370493888855
          },
          {
            "X": 0.5776610970497131,
            "Y": 0.709370493888855
          },
          {
            "X": 0.5776610970497131,
            "Y": 0.8057858943939209
          },
          {
            "X": 0.49914610385894775,
            "Y": 0.8057858943939209
          }
        ]
      },
      "Id": "a218ef38-bb42-4b4f-96be-c3f9d3170a06"
    },
    {
      "BlockType": "WORD",
      "Confidence": 99.98832702636719,
      "Text": "for",
      "TextType": "PRINTED",
      "Geometry": {
        "BoundingBox": {
          "Width": 0.025892741978168488,
          "Height": 0.0990094393491745,
          "Left": 0.5802557468414307,
          "Top": 0.7066562175750732
        },
        "Polygon": [
          {
            "X": 0.5802557468414307,
            "Y": 0.7066562175750732
          },
          {
            "X": 0.6061484813690186,
            "Y": 0.7066562175750732
          },
          {
            "X": 0.6061484813690186,
            "Y": 0.8056656718254089
          },
          {
            "X": 0.5802557468414307,
            "Y": 0.8056656718254089
          }
        ]
      },
      "Id": "09364845-0bd8-4d44-8c60-5893b0971e09"
    },
    {
      "BlockType": "WORD",
      "Confidence": 99.8239517211914,
      "Text": "GPIO",
      "TextType": "PRINTED",
      "Geometry": {
        "BoundingBox": {
          "Width": 0.04894353076815605,
          "Height": 0.09778857976198196,
          "Left": 0.6088039875030518,
          "Top": 0.7070868015289307
        },
        "Polygon": [
          {
            "X": 0.6088039875030518,
            "Y": 0.7070868015289307
          },
          {
            "X": 0.6577475070953369,
            "Y": 0.7070868015289307
          },
          {
            "X": 0.6577475070953369,
            "Y": 0.804875373840332
          },
          {
            "X": 0.6088039875030518,
            "Y": 0.804875373840332
          }
        ]
      },
      "Id": "ac32da2f-f9e5-43db-b963-9721920ca2da"
    },
    {
      "BlockType": "WORD",
      "Confidence": 99.60783386230469,
      "Text": "38",
      "TextType": "PRINTED",
      "Geometry": {
        "BoundingBox": {
          "Width": 0.024717990309000015,
          "Height": 0.09708961099386215,
          "Left": 0.6609709858894348,
          "Top": 0.7087429165840149
        },
        "Polygon": [
          {
            "X": 0.6609709858894348,
            "Y": 0.7087429165840149
          },
          {
            "X": 0.6856889724731445,
            "Y": 0.7087429165840149
          },
          {
            "X": 0.6856889724731445,
            "Y": 0.8058325052261353
          },
          {
            "X": 0.6609709858894348,
            "Y": 0.8058325052261353
          }
        ]
      },
      "Id": "e5c39947-4072-47e6-9274-4319213b2ab9"
    },
    {
      "BlockType": "WORD",
      "Confidence": 72.09941101074219,
      "Text": "0x3FF445C8",
      "TextType": "PRINTED",
      "Geometry": {
        "BoundingBox": {
          "Width": 0.11503123492002487,
          "Height": 0.09693852066993713,
          "Left": 0.7917974591255188,
          "Top": 0.7086902856826782
        },
        "Polygon": [
          {
            "X": 0.7917974591255188,
            "Y": 0.7086902856826782
          },
          {
            "X": 0.9068287014961243,
            "Y": 0.7086902856826782
          },
          {
            "X": 0.9068287014961243,
            "Y": 0.805628776550293
          },
          {
            "X": 0.7917974591255188,
            "Y": 0.805628776550293
          }
        ]
      },
      "Id": "52ed725f-e86d-4ee2-a2fb-b6c462162270"
    },
    {
      "BlockType": "WORD",
      "Confidence": 99.03712463378906,
      "Text": "R/W",
      "TextType": "PRINTED",
      "Geometry": {
        "BoundingBox": {
          "Width": 0.04093744233250618,
          "Height": 0.09559456259012222,
          "Left": 0.9313309192657471,
          "Top": 0.7084506750106812
        },
        "Polygon": [
          {
            "X": 0.9313309192657471,
            "Y": 0.7084506750106812
          },
          {
            "X": 0.9722683429718018,
            "Y": 0.7084506750106812
          },
          {
            "X": 0.9722683429718018,
            "Y": 0.8040452599525452
          },
          {
            "X": 0.9313309192657471,
            "Y": 0.8040452599525452
          }
        ]
      },
      "Id": "a00f96df-debb-4dbe-be67-2fe6fd015ac1"
    },
    {
      "BlockType": "WORD",
      "Confidence": 94.70045471191406,
      "Text": "GPIO_FUNC39_OUT_SEL_CFG_REG",
      "TextType": "PRINTED",
      "Geometry": {
        "BoundingBox": {
          "Width": 0.3331875801086426,
          "Height": 0.11334537714719772,
          "Left": 0.0007860410842113197,
          "Top": 0.8759114146232605
        },
        "Polygon": [
          {
            "X": 0.0007860410842113197,
            "Y": 0.8759114146232605
          },
          {
            "X": 0.33397361636161804,
            "Y": 0.8759114146232605
          },
          {
            "X": 0.33397361636161804,
            "Y": 0.9892567992210388
          },
          {
            "X": 0.0007860410842113197,
            "Y": 0.9892567992210388
          }
        ]
      },
      "Id": "1924420e-eca1-42d7-a52c-60da8d028df0"
    },
    {
      "BlockType": "WORD",
      "Confidence": 99.66551208496094,
      "Text": "Peripheral",
      "TextType": "PRINTED",
      "Geometry": {
        "BoundingBox": {
          "Width": 0.088009774684906,
          "Height": 0.1182715967297554,
          "Left": 0.3462872803211212,
          "Top": 0.8756089210510254
        },
        "Polygon": [
          {
            "X": 0.3462872803211212,
            "Y": 0.8756089210510254
          },
          {
            "X": 0.4342970550060272,
            "Y": 0.8756089210510254
          },
          {
            "X": 0.4342970550060272,
            "Y": 0.9938805103302002
          },
          {
            "X": 0.3462872803211212,
            "Y": 0.9938805103302002
          }
        ]
      },
      "Id": "aee59423-d9c8-4ff5-9b5f-77ef94ef7f15"
    },
    {
      "BlockType": "WORD",
      "Confidence": 99.6233139038086,
      "Text": "output",
      "TextType": "PRINTED",
      "Geometry": {
        "BoundingBox": {
          "Width": 0.05804454907774925,
          "Height": 0.11003226041793823,
          "Left": 0.4379909634590149,
          "Top": 0.8821554183959961
        },
        "Polygon": [
          {
            "X": 0.4379909634590149,
            "Y": 0.8821554183959961
          },
          {
            "X": 0.49603551626205444,
            "Y": 0.8821554183959961
          },
          {
            "X": 0.49603551626205444,
            "Y": 0.9921876788139343
          },
          {
            "X": 0.4379909634590149,
            "Y": 0.9921876788139343
          }
        ]
      },
      "Id": "54c35054-44bc-4d7c-8c1c-5c1b72db168e"
    },
    {
      "BlockType": "WORD",
      "Confidence": 99.81812286376953,
      "Text": "selection",
      "TextType": "PRINTED",
      "Geometry": {
        "BoundingBox": {
          "Width": 0.07860400527715683,
          "Height": 0.09612902998924255,
          "Left": 0.49905508756637573,
          "Top": 0.8785780668258667
        },
        "Polygon": [
          {
            "X": 0.49905508756637573,
            "Y": 0.8785780668258667
          },
          {
            "X": 0.5776590704917908,
            "Y": 0.8785780668258667
          },
          {
            "X": 0.5776590704917908,
            "Y": 0.9747071266174316
          },
          {
            "X": 0.49905508756637573,
            "Y": 0.9747071266174316
          }
        ]
      },
      "Id": "da932a41-32f8-47d8-90ba-87760b1edcf4"
    },
    {
      "BlockType": "WORD",
      "Confidence": 99.98965454101562,
      "Text": "for",
      "TextType": "PRINTED",
      "Geometry": {
        "BoundingBox": {
          "Width": 0.02554083615541458,
          "Height": 0.09793111681938171,
          "Left": 0.5803335905075073,
          "Top": 0.875942051410675
        },
        "Polygon": [
          {
            "X": 0.5803335905075073,
            "Y": 0.875942051410675
          },
          {
            "X": 0.6058744192123413,
            "Y": 0.875942051410675
          },
          {
            "X": 0.6058744192123413,
            "Y": 0.9738731384277344
          },
          {
            "X": 0.5803335905075073,
            "Y": 0.9738731384277344
          }
        ]
      },
      "Id": "71dfee6f-798e-4a2b-9e82-1c6ddd6b2942"
    },
    {
      "BlockType": "WORD",
      "Confidence": 99.79537200927734,
      "Text": "GPIO",
      "TextType": "PRINTED",
      "Geometry": {
        "BoundingBox": {
          "Width": 0.04909292235970497,
          "Height": 0.0960964486002922,
          "Left": 0.609166145324707,
          "Top": 0.8770196437835693
        },
        "Polygon": [
          {
            "X": 0.609166145324707,
            "Y": 0.8770196437835693
          },
          {
            "X": 0.6582590937614441,
            "Y": 0.8770196437835693
          },
          {
            "X": 0.6582590937614441,
            "Y": 0.9731160998344421
          },
          {
            "X": 0.609166145324707,
            "Y": 0.9731160998344421
          }
        ]
      },
      "Id": "fd02f514-4237-4795-9bf6-e974acb84174"
    },
    {
      "BlockType": "WORD",
      "Confidence": 99.77532958984375,
      "Text": "39",
      "TextType": "PRINTED",
      "Geometry": {
        "BoundingBox": {
          "Width": 0.02435411885380745,
          "Height": 0.0946245938539505,
          "Left": 0.6611262559890747,
          "Top": 0.8790555596351624
        },
        "Polygon": [
          {
            "X": 0.6611262559890747,
            "Y": 0.8790555596351624
          },
          {
            "X": 0.6854803562164307,
            "Y": 0.8790555596351624
          },
          {
            "X": 0.6854803562164307,
            "Y": 0.9736801385879517
          },
          {
            "X": 0.6611262559890747,
            "Y": 0.9736801385879517
          }
        ]
      },
      "Id": "21f63c07-e8fd-4650-8ff3-02f6f55fd004"
    },
    {
      "BlockType": "WORD",
      "Confidence": 86.3084945678711,
      "Text": "0x3FF445CC",
      "TextType": "PRINTED",
      "Geometry": {
        "BoundingBox": {
          "Width": 0.1170177236199379,
          "Height": 0.0959736555814743,
          "Left": 0.7926409840583801,
          "Top": 0.8782920837402344
        },
        "Polygon": [
          {
            "X": 0.7926409840583801,
            "Y": 0.8782920837402344
          },
          {
            "X": 0.909658670425415,
            "Y": 0.8782920837402344
          },
          {
            "X": 0.909658670425415,
            "Y": 0.9742657542228699
          },
          {
            "X": 0.7926409840583801,
            "Y": 0.9742657542228699
          }
        ]
      },
      "Id": "dc043464-02a1-4f61-a21f-d5591caea288"
    },
    {
      "BlockType": "WORD",
      "Confidence": 99.36004638671875,
      "Text": "R/W",
      "TextType": "PRINTED",
      "Geometry": {
        "BoundingBox": {
          "Width": 0.04094071313738823,
          "Height": 0.09520308673381805,
          "Left": 0.9314706921577454,
          "Top": 0.8771395087242126
        },
        "Polygon": [
          {
            "X": 0.9314706921577454,
            "Y": 0.8771395087242126
          },
          {
            "X": 0.9724113941192627,
            "Y": 0.8771395087242126
          },
          {
            "X": 0.9724113941192627,
            "Y": 0.9723426103591919
          },
          {
            "X": 0.9314706921577454,
            "Y": 0.9723426103591919
          }
        ]
      },
      "Id": "ddc89d64-54c3-4553-9a30-80127e927307"
    },
    {
      "BlockType": "TABLE",
      "Confidence": 97.91409301757812,
      "Geometry": {
        "BoundingBox": {
          "Width": 0.996488094329834,
          "Height": 1,
          "Left": 0.0008934448705986142,
          "Top": 0
        },
        "Polygon": [
          {
            "X": 0.0008934448705986142,
            "Y": 0
          },
          {
            "X": 0.9973815679550171,
            "Y": 6.453388382826456e-16
          },
          {
            "X": 0.9973815679550171,
            "Y": 1
          },
          {
            "X": 0.0008934448705986142,
            "Y": 1
          }
        ]
      },
      "Id": "d2ab49d9-5dae-4e62-9264-8682b29a7965",
      "Relationships": [
        {
          "Type": "CHILD",
          "Ids": [
            "cec51bbe-83fa-4e47-b7de-a6d61ed694ce",
            "8f4b158b-d739-4e3d-b60d-a6acdb728e99",
            "159a9429-539c-4e7f-88c6-cb18daebfd3c",
            "91d08f37-9f86-414b-9b82-ca2da1a5e2aa",
            "6aaeb53f-e909-45dc-81de-5a43e3fea7fd",
            "73052fc3-abb0-42f4-aa66-5604867dc841",
            "5c3e29c2-ac1b-4851-8c28-796c73bbb302",
            "42f7a0a5-b2bf-4bde-8878-6c3c2517c56a",
            "0bbaa907-b08d-4047-b07f-6dd3bd097b07",
            "927706d0-d05b-4670-9b74-d595d746915e",
            "c6ffd2ea-6880-44df-a836-6cc3c3e43deb",
            "80740cfa-35b7-47be-be00-01db339c69d3",
            "dd22e908-5248-49b2-8f6e-31bbee1c1c6f",
            "de3aac5a-ae3b-42c2-9e8b-c0fcd635cd83",
            "885b5b14-0217-4572-a94b-124f7e77f965",
            "9e47a6d2-37d6-4088-a72c-12c506d0a485",
            "2da98de2-dccd-484c-a370-7cdb254dc3da",
            "fd99cd38-d4dc-424b-96ee-dbb727a9f97f",
            "35abc21f-080d-47da-91e6-3e1c6cd8315c",
            "8a4a15bd-62e3-4c4a-89e4-ada590810c12",
            "7cd2b501-978f-4d70-9aa5-d2cf71974562",
            "a177fa43-f791-4cad-84a7-4f653c4c0f23",
            "44675e32-1ffb-4240-9a6b-20ba25ac8a1c",
            "21f9965e-1f0a-43f1-9793-d1f9e002408e"
          ]
        }
      ]
    },
    {
      "BlockType": "CELL",
      "Confidence": 92.08657836914062,
      "RowIndex": 1,
      "ColumnIndex": 1,
      "RowSpan": 1,
      "ColumnSpan": 1,
      "Geometry": {
        "BoundingBox": {
          "Width": 0.33307844400405884,
          "Height": 0.15540540218353271,
          "Left": 0.0008934448705986142,
          "Top": 0
        },
        "Polygon": [
          {
            "X": 0.0008934448705986142,
            "Y": 0
          },
          {
            "X": 0.33397191762924194,
            "Y": 0
          },
          {
            "X": 0.33397191762924194,
            "Y": 0.15540540218353271
          },
          {
            "X": 0.0008934448705986142,
            "Y": 0.15540540218353271
          }
        ]
      },
      "Id": "cec51bbe-83fa-4e47-b7de-a6d61ed694ce",
      "Relationships": [
        {
          "Type": "CHILD",
          "Ids": [
            "9e3e7bb1-9466-4cd6-9886-e9dd97577339"
          ]
        }
      ]
    },
    {
      "BlockType": "CELL",
      "Confidence": 91.91378021240234,
      "RowIndex": 1,
      "ColumnIndex": 2,
      "RowSpan": 1,
      "ColumnSpan": 1,
      "Geometry": {
        "BoundingBox": {
          "Width": 0.4457215964794159,
          "Height": 0.15540540218353271,
          "Left": 0.33397191762924194,
          "Top": 0
        },
        "Polygon": [
          {
            "X": 0.33397191762924194,
            "Y": 0
          },
          {
            "X": 0.7796934843063354,
            "Y": 3.6325672334468673e-16
          },
          {
            "X": 0.7796934843063354,
            "Y": 0.15540540218353271
          },
          {
            "X": 0.33397191762924194,
            "Y": 0.15540540218353271
          }
        ]
      },
      "Id": "8f4b158b-d739-4e3d-b60d-a6acdb728e99",
      "Relationships": [
        {
          "Type": "CHILD",
          "Ids": [
            "1e5e779b-8c47-496a-b03e-1873a2436563",
            "51366041-c0e5-4502-93b6-8100f8387769",
            "c7e8fd42-f382-4e34-a94b-5e2fa2659741",
            "63b96c43-c68e-4f4c-8dd5-4868b7408243",
            "0b274d40-16dc-4cc3-b259-c009276f7ee0",
            "9f7d8c32-c9b5-41cf-b175-576cffba1a62"
          ]
        }
      ]
    },
    {
      "BlockType": "CELL",
      "Confidence": 90.97616577148438,
      "RowIndex": 1,
      "ColumnIndex": 3,
      "RowSpan": 1,
      "ColumnSpan": 1,
      "Geometry": {
        "BoundingBox": {
          "Width": 0.13920816779136658,
          "Height": 0.15540540218353271,
          "Left": 0.7796934843063354,
          "Top": 3.6325672334468673e-16
        },
        "Polygon": [
          {
            "X": 0.7796934843063354,
            "Y": 3.6325672334468673e-16
          },
          {
            "X": 0.9189016819000244,
            "Y": 5.436439038166167e-16
          },
          {
            "X": 0.9189016819000244,
            "Y": 0.15540540218353271
          },
          {
            "X": 0.7796934843063354,
            "Y": 0.15540540218353271
          }
        ]
      },
      "Id": "159a9429-539c-4e7f-88c6-cb18daebfd3c",
      "Relationships": [
        {
          "Type": "CHILD",
          "Ids": [
            "05bf916d-6ae6-44de-8e7d-0d721264782e"
          ]
        }
      ]
    },
    {
      "BlockType": "CELL",
      "Confidence": 81.53845977783203,
      "RowIndex": 1,
      "ColumnIndex": 4,
      "RowSpan": 1,
      "ColumnSpan": 1,
      "Geometry": {
        "BoundingBox": {
          "Width": 0.07847990840673447,
          "Height": 0.15540540218353271,
          "Left": 0.9189016819000244,
          "Top": 5.436439038166167e-16
        },
        "Polygon": [
          {
            "X": 0.9189016819000244,
            "Y": 5.436439038166167e-16
          },
          {
            "X": 0.9973815679550171,
            "Y": 6.453388382826456e-16
          },
          {
            "X": 0.9973815679550171,
            "Y": 0.15540540218353271
          },
          {
            "X": 0.9189016819000244,
            "Y": 0.15540540218353271
          }
        ]
      },
      "Id": "91d08f37-9f86-414b-9b82-ca2da1a5e2aa",
      "Relationships": [
        {
          "Type": "CHILD",
          "Ids": [
            "fd07c7b6-4ba4-4bf4-a84d-8df2b93d0a4d"
          ]
        }
      ]
    },
    {
      "BlockType": "CELL",
      "Confidence": 91.1649398803711,
      "RowIndex": 2,
      "ColumnIndex": 1,
      "RowSpan": 1,
      "ColumnSpan": 1,
      "Geometry": {
        "BoundingBox": {
          "Width": 0.33307844400405884,
          "Height": 0.1689189225435257,
          "Left": 0.0008934448705986142,
          "Top": 0.15540540218353271
        },
        "Polygon": [
          {
            "X": 0.0008934448705986142,
            "Y": 0.15540540218353271
          },
          {
            "X": 0.33397191762924194,
            "Y": 0.15540540218353271
          },
          {
            "X": 0.33397191762924194,
            "Y": 0.3243243098258972
          },
          {
            "X": 0.0008934448705986142,
            "Y": 0.3243243098258972
          }
        ]
      },
      "Id": "6aaeb53f-e909-45dc-81de-5a43e3fea7fd",
      "Relationships": [
        {
          "Type": "CHILD",
          "Ids": [
            "5831154d-816a-44b9-a7ca-34f11a56e1da"
          ]
        }
      ]
    },
    {
      "BlockType": "CELL",
      "Confidence": 90.9938735961914,
      "RowIndex": 2,
      "ColumnIndex": 2,
      "RowSpan": 1,
      "ColumnSpan": 1,
      "Geometry": {
        "BoundingBox": {
          "Width": 0.4457215964794159,
          "Height": 0.1689189225435257,
          "Left": 0.33397191762924194,
          "Top": 0.15540540218353271
        },
        "Polygon": [
          {
            "X": 0.33397191762924194,
            "Y": 0.15540540218353271
          },
          {
            "X": 0.7796934843063354,
            "Y": 0.15540540218353271
          },
          {
            "X": 0.7796934843063354,
            "Y": 0.3243243098258972
          },
          {
            "X": 0.33397191762924194,
            "Y": 0.3243243098258972
          }
        ]
      },
      "Id": "73052fc3-abb0-42f4-aa66-5604867dc841",
      "Relationships": [
        {
          "Type": "CHILD",
          "Ids": [
            "609db027-c027-4148-98b4-cc9e0b93a80a",
            "a4d639db-ad9a-43b0-8c57-9837643d59c8",
            "7dc11f7f-8332-4b0d-8cae-4f79980230f4",
            "91b08740-21f0-47f6-9a23-f45e185b2570",
            "313b50f7-4b3b-4e4c-ae21-6623595a4f65",
            "bb1a53da-6d44-419e-8eb7-29f544543ae6"
          ]
        }
      ]
    },
    {
      "BlockType": "CELL",
      "Confidence": 90.06564331054688,
      "RowIndex": 2,
      "ColumnIndex": 3,
      "RowSpan": 1,
      "ColumnSpan": 1,
      "Geometry": {
        "BoundingBox": {
          "Width": 0.13920816779136658,
          "Height": 0.1689189225435257,
          "Left": 0.7796934843063354,
          "Top": 0.15540540218353271
        },
        "Polygon": [
          {
            "X": 0.7796934843063354,
            "Y": 0.15540540218353271
          },
          {
            "X": 0.9189016819000244,
            "Y": 0.15540540218353271
          },
          {
            "X": 0.9189016819000244,
            "Y": 0.3243243098258972
          },
          {
            "X": 0.7796934843063354,
            "Y": 0.3243243098258972
          }
        ]
      },
      "Id": "5c3e29c2-ac1b-4851-8c28-796c73bbb302",
      "Relationships": [
        {
          "Type": "CHILD",
          "Ids": [
            "af02faee-5cdc-49d3-80c4-e4941fb16f13"
          ]
        }
      ]
    },
    {
      "BlockType": "CELL",
      "Confidence": 80.7223892211914,
      "RowIndex": 2,
      "ColumnIndex": 4,
      "RowSpan": 1,
      "ColumnSpan": 1,
      "Geometry": {
        "BoundingBox": {
          "Width": 0.07847990840673447,
          "Height": 0.1689189225435257,
          "Left": 0.9189016819000244,
          "Top": 0.15540540218353271
        },
        "Polygon": [
          {
            "X": 0.9189016819000244,
            "Y": 0.15540540218353271
          },
          {
            "X": 0.9973815679550171,
            "Y": 0.15540540218353271
          },
          {
            "X": 0.9973815679550171,
            "Y": 0.3243243098258972
          },
          {
            "X": 0.9189016819000244,
            "Y": 0.3243243098258972
          }
        ]
      },
      "Id": "42f7a0a5-b2bf-4bde-8878-6c3c2517c56a",
      "Relationships": [
        {
          "Type": "CHILD",
          "Ids": [
            "6851bd39-6da0-4a83-94f1-0eb1e0c988d8"
          ]
        }
      ]
    },
    {
      "BlockType": "CELL",
      "Confidence": 90.79322814941406,
      "RowIndex": 3,
      "ColumnIndex": 1,
      "RowSpan": 1,
      "ColumnSpan": 1,
      "Geometry": {
        "BoundingBox": {
          "Width": 0.33307844400405884,
          "Height": 0.1689189225435257,
          "Left": 0.0008934448705986142,
          "Top": 0.3243243098258972
        },
        "Polygon": [
          {
            "X": 0.0008934448705986142,
            "Y": 0.3243243098258972
          },
          {
            "X": 0.33397191762924194,
            "Y": 0.3243243098258972
          },
          {
            "X": 0.33397191762924194,
            "Y": 0.4932432472705841
          },
          {
            "X": 0.0008934448705986142,
            "Y": 0.4932432472705841
          }
        ]
      },
      "Id": "0bbaa907-b08d-4047-b07f-6dd3bd097b07",
      "Relationships": [
        {
          "Type": "CHILD",
          "Ids": [
            "724fd500-98ca-44b8-ad38-de3ae5804649"
          ]
        }
      ]
    },
    {
      "BlockType": "CELL",
      "Confidence": 90.62286376953125,
      "RowIndex": 3,
      "ColumnIndex": 2,
      "RowSpan": 1,
      "ColumnSpan": 1,
      "Geometry": {
        "BoundingBox": {
          "Width": 0.4457215964794159,
          "Height": 0.1689189225435257,
          "Left": 0.33397191762924194,
          "Top": 0.3243243098258972
        },
        "Polygon": [
          {
            "X": 0.33397191762924194,
            "Y": 0.3243243098258972
          },
          {
            "X": 0.7796934843063354,
            "Y": 0.3243243098258972
          },
          {
            "X": 0.7796934843063354,
            "Y": 0.4932432472705841
          },
          {
            "X": 0.33397191762924194,
            "Y": 0.4932432472705841
          }
        ]
      },
      "Id": "927706d0-d05b-4670-9b74-d595d746915e",
      "Relationships": [
        {
          "Type": "CHILD",
          "Ids": [
            "9e5ce6c9-bb4b-4350-98c4-a4b901b84159",
            "ab743797-dfe1-4741-b220-8948048a9627",
            "34a67394-d1ee-421d-9b43-d725c3cc0e23",
            "53fc9561-6986-498f-a226-faa70c0f182c",
            "ceca43ba-9e4c-4e13-9404-31536eb5827b",
            "1dda5059-0e29-4783-9922-d7e0b832d13c"
          ]
        }
      ]
    },
    {
      "BlockType": "CELL",
      "Confidence": 89.69841766357422,
      "RowIndex": 3,
      "ColumnIndex": 3,
      "RowSpan": 1,
      "ColumnSpan": 1,
      "Geometry": {
        "BoundingBox": {
          "Width": 0.13920816779136658,
          "Height": 0.1689189225435257,
          "Left": 0.7796934843063354,
          "Top": 0.3243243098258972
        },
        "Polygon": [
          {
            "X": 0.7796934843063354,
            "Y": 0.3243243098258972
          },
          {
            "X": 0.9189016819000244,
            "Y": 0.3243243098258972
          },
          {
            "X": 0.9189016819000244,
            "Y": 0.4932432472705841
          },
          {
            "X": 0.7796934843063354,
            "Y": 0.4932432472705841
          }
        ]
      },
      "Id": "c6ffd2ea-6880-44df-a836-6cc3c3e43deb",
      "Relationships": [
        {
          "Type": "CHILD",
          "Ids": [
            "b59fc80e-57c1-4ea1-8364-fe16037d9da8"
          ]
        }
      ]
    },
    {
      "BlockType": "CELL",
      "Confidence": 80.39325714111328,
      "RowIndex": 3,
      "ColumnIndex": 4,
      "RowSpan": 1,
      "ColumnSpan": 1,
      "Geometry": {
        "BoundingBox": {
          "Width": 0.07847990840673447,
          "Height": 0.1689189225435257,
          "Left": 0.9189016819000244,
          "Top": 0.3243243098258972
        },
        "Polygon": [
          {
            "X": 0.9189016819000244,
            "Y": 0.3243243098258972
          },
          {
            "X": 0.9973815679550171,
            "Y": 0.3243243098258972
          },
          {
            "X": 0.9973815679550171,
            "Y": 0.4932432472705841
          },
          {
            "X": 0.9189016819000244,
            "Y": 0.4932432472705841
          }
        ]
      },
      "Id": "80740cfa-35b7-47be-be00-01db339c69d3",
      "Relationships": [
        {
          "Type": "CHILD",
          "Ids": [
            "5b10a5f7-b2a4-4145-89b7-f68f3b24c11b"
          ]
        }
      ]
    },
    {
      "BlockType": "CELL",
      "Confidence": 90.63611602783203,
      "RowIndex": 4,
      "ColumnIndex": 1,
      "RowSpan": 1,
      "ColumnSpan": 1,
      "Geometry": {
        "BoundingBox": {
          "Width": 0.33307844400405884,
          "Height": 0.1689189225435257,
          "Left": 0.0008934448705986142,
          "Top": 0.4932432472705841
        },
        "Polygon": [
          {
            "X": 0.0008934448705986142,
            "Y": 0.4932432472705841
          },
          {
            "X": 0.33397191762924194,
            "Y": 0.4932432472705841
          },
          {
            "X": 0.33397191762924194,
            "Y": 0.662162184715271
          },
          {
            "X": 0.0008934448705986142,
            "Y": 0.662162184715271
          }
        ]
      },
      "Id": "dd22e908-5248-49b2-8f6e-31bbee1c1c6f"
    },
    {
      "BlockType": "CELL",
      "Confidence": 90.4660415649414,
      "RowIndex": 4,
      "ColumnIndex": 2,
      "RowSpan": 1,
      "ColumnSpan": 1,
      "Geometry": {
        "BoundingBox": {
          "Width": 0.4457215964794159,
          "Height": 0.1689189225435257,
          "Left": 0.33397191762924194,
          "Top": 0.4932432472705841
        },
        "Polygon": [
          {
            "X": 0.33397191762924194,
            "Y": 0.4932432472705841
          },
          {
            "X": 0.7796934843063354,
            "Y": 0.4932432472705841
          },
          {
            "X": 0.7796934843063354,
            "Y": 0.662162184715271
          },
          {
            "X": 0.33397191762924194,
            "Y": 0.662162184715271
          }
        ]
      },
      "Id": "de3aac5a-ae3b-42c2-9e8b-c0fcd635cd83"
    },
    {
      "BlockType": "CELL",
      "Confidence": 89.5431900024414,
      "RowIndex": 4,
      "ColumnIndex": 3,
      "RowSpan": 1,
      "ColumnSpan": 1,
      "Geometry": {
        "BoundingBox": {
          "Width": 0.13920816779136658,
          "Height": 0.1689189225435257,
          "Left": 0.7796934843063354,
          "Top": 0.4932432472705841
        },
        "Polygon": [
          {
            "X": 0.7796934843063354,
            "Y": 0.4932432472705841
          },
          {
            "X": 0.9189016819000244,
            "Y": 0.4932432472705841
          },
          {
            "X": 0.9189016819000244,
            "Y": 0.662162184715271
          },
          {
            "X": 0.7796934843063354,
            "Y": 0.662162184715271
          }
        ]
      },
      "Id": "885b5b14-0217-4572-a94b-124f7e77f965"
    },
    {
      "BlockType": "CELL",
      "Confidence": 80.25413513183594,
      "RowIndex": 4,
      "ColumnIndex": 4,
      "RowSpan": 1,
      "ColumnSpan": 1,
      "Geometry": {
        "BoundingBox": {
          "Width": 0.07847990840673447,
          "Height": 0.1689189225435257,
          "Left": 0.9189016819000244,
          "Top": 0.4932432472705841
        },
        "Polygon": [
          {
            "X": 0.9189016819000244,
            "Y": 0.4932432472705841
          },
          {
            "X": 0.9973815679550171,
            "Y": 0.4932432472705841
          },
          {
            "X": 0.9973815679550171,
            "Y": 0.662162184715271
          },
          {
            "X": 0.9189016819000244,
            "Y": 0.662162184715271
          }
        ]
      },
      "Id": "9e47a6d2-37d6-4088-a72c-12c506d0a485"
    },
    {
      "BlockType": "CELL",
      "Confidence": 89.59137725830078,
      "RowIndex": 5,
      "ColumnIndex": 1,
      "RowSpan": 1,
      "ColumnSpan": 1,
      "Geometry": {
        "BoundingBox": {
          "Width": 0.33307844400405884,
          "Height": 0.1689189225435257,
          "Left": 0.0008934448705986142,
          "Top": 0.662162184715271
        },
        "Polygon": [
          {
            "X": 0.0008934448705986142,
            "Y": 0.662162184715271
          },
          {
            "X": 0.33397191762924194,
            "Y": 0.662162184715271
          },
          {
            "X": 0.33397191762924194,
            "Y": 0.8310810923576355
          },
          {
            "X": 0.0008934448705986142,
            "Y": 0.8310810923576355
          }
        ]
      },
      "Id": "2da98de2-dccd-484c-a370-7cdb254dc3da",
      "Relationships": [
        {
          "Type": "CHILD",
          "Ids": [
            "13ef29b3-273f-4371-8c1b-32f5f7e5eb84"
          ]
        }
      ]
    },
    {
      "BlockType": "CELL",
      "Confidence": 89.42326354980469,
      "RowIndex": 5,
      "ColumnIndex": 2,
      "RowSpan": 1,
      "ColumnSpan": 1,
      "Geometry": {
        "BoundingBox": {
          "Width": 0.4457215964794159,
          "Height": 0.1689189225435257,
          "Left": 0.33397191762924194,
          "Top": 0.662162184715271
        },
        "Polygon": [
          {
            "X": 0.33397191762924194,
            "Y": 0.662162184715271
          },
          {
            "X": 0.7796934843063354,
            "Y": 0.662162184715271
          },
          {
            "X": 0.7796934843063354,
            "Y": 0.8310810923576355
          },
          {
            "X": 0.33397191762924194,
            "Y": 0.8310810923576355
          }
        ]
      },
      "Id": "fd99cd38-d4dc-424b-96ee-dbb727a9f97f",
      "Relationships": [
        {
          "Type": "CHILD",
          "Ids": [
            "752cf3f2-efbd-4f31-b5c1-1a676c428210",
            "eb3b1d30-bbb5-4a43-897f-74603f3d1ed6",
            "a218ef38-bb42-4b4f-96be-c3f9d3170a06",
            "09364845-0bd8-4d44-8c60-5893b0971e09",
            "ac32da2f-f9e5-43db-b963-9721920ca2da",
            "e5c39947-4072-47e6-9274-4319213b2ab9"
          ]
        }
      ]
    },
    {
      "BlockType": "CELL",
      "Confidence": 88.51105499267578,
      "RowIndex": 5,
      "ColumnIndex": 3,
      "RowSpan": 1,
      "ColumnSpan": 1,
      "Geometry": {
        "BoundingBox": {
          "Width": 0.13920816779136658,
          "Height": 0.1689189225435257,
          "Left": 0.7796934843063354,
          "Top": 0.662162184715271
        },
        "Polygon": [
          {
            "X": 0.7796934843063354,
            "Y": 0.662162184715271
          },
          {
            "X": 0.9189016819000244,
            "Y": 0.662162184715271
          },
          {
            "X": 0.9189016819000244,
            "Y": 0.8310810923576355
          },
          {
            "X": 0.7796934843063354,
            "Y": 0.8310810923576355
          }
        ]
      },
      "Id": "35abc21f-080d-47da-91e6-3e1c6cd8315c",
      "Relationships": [
        {
          "Type": "CHILD",
          "Ids": [
            "52ed725f-e86d-4ee2-a2fb-b6c462162270"
          ]
        }
      ]
    },
    {
      "BlockType": "CELL",
      "Confidence": 79.32907104492188,
      "RowIndex": 5,
      "ColumnIndex": 4,
      "RowSpan": 1,
      "ColumnSpan": 1,
      "Geometry": {
        "BoundingBox": {
          "Width": 0.07847990840673447,
          "Height": 0.1689189225435257,
          "Left": 0.9189016819000244,
          "Top": 0.662162184715271
        },
        "Polygon": [
          {
            "X": 0.9189016819000244,
            "Y": 0.662162184715271
          },
          {
            "X": 0.9973815679550171,
            "Y": 0.662162184715271
          },
          {
            "X": 0.9973815679550171,
            "Y": 0.8310810923576355
          },
          {
            "X": 0.9189016819000244,
            "Y": 0.8310810923576355
          }
        ]
      },
      "Id": "8a4a15bd-62e3-4c4a-89e4-ada590810c12",
      "Relationships": [
        {
          "Type": "CHILD",
          "Ids": [
            "a00f96df-debb-4dbe-be67-2fe6fd015ac1"
          ]
        }
      ]
    },
    {
      "BlockType": "CELL",
      "Confidence": 89.30011749267578,
      "RowIndex": 6,
      "ColumnIndex": 1,
      "RowSpan": 1,
      "ColumnSpan": 1,
      "Geometry": {
        "BoundingBox": {
          "Width": 0.33307844400405884,
          "Height": 0.1689189225435257,
          "Left": 0.0008934448705986142,
          "Top": 0.8310810923576355
        },
        "Polygon": [
          {
            "X": 0.0008934448705986142,
            "Y": 0.8310810923576355
          },
          {
            "X": 0.33397191762924194,
            "Y": 0.8310810923576355
          },
          {
            "X": 0.33397191762924194,
            "Y": 1
          },
          {
            "X": 0.0008934448705986142,
            "Y": 1
          }
        ]
      },
      "Id": "7cd2b501-978f-4d70-9aa5-d2cf71974562",
      "Relationships": [
        {
          "Type": "CHILD",
          "Ids": [
            "1924420e-eca1-42d7-a52c-60da8d028df0"
          ]
        }
      ]
    },
    {
      "BlockType": "CELL",
      "Confidence": 89.1325454711914,
      "RowIndex": 6,
      "ColumnIndex": 2,
      "RowSpan": 1,
      "ColumnSpan": 1,
      "Geometry": {
        "BoundingBox": {
          "Width": 0.4457215964794159,
          "Height": 0.1689189225435257,
          "Left": 0.33397191762924194,
          "Top": 0.8310810923576355
        },
        "Polygon": [
          {
            "X": 0.33397191762924194,
            "Y": 0.8310810923576355
          },
          {
            "X": 0.7796934843063354,
            "Y": 0.8310810923576355
          },
          {
            "X": 0.7796934843063354,
            "Y": 1
          },
          {
            "X": 0.33397191762924194,
            "Y": 1
          }
        ]
      },
      "Id": "a177fa43-f791-4cad-84a7-4f653c4c0f23",
      "Relationships": [
        {
          "Type": "CHILD",
          "Ids": [
            "aee59423-d9c8-4ff5-9b5f-77ef94ef7f15",
            "54c35054-44bc-4d7c-8c1c-5c1b72db168e",
            "da932a41-32f8-47d8-90ba-87760b1edcf4",
            "71dfee6f-798e-4a2b-9e82-1c6ddd6b2942",
            "fd02f514-4237-4795-9bf6-e974acb84174",
            "21f63c07-e8fd-4650-8ff3-02f6f55fd004"
          ]
        }
      ]
    },
    {
      "BlockType": "CELL",
      "Confidence": 88.22330474853516,
      "RowIndex": 6,
      "ColumnIndex": 3,
      "RowSpan": 1,
      "ColumnSpan": 1,
      "Geometry": {
        "BoundingBox": {
          "Width": 0.13920816779136658,
          "Height": 0.1689189225435257,
          "Left": 0.7796934843063354,
          "Top": 0.8310810923576355
        },
        "Polygon": [
          {
            "X": 0.7796934843063354,
            "Y": 0.8310810923576355
          },
          {
            "X": 0.9189016819000244,
            "Y": 0.8310810923576355
          },
          {
            "X": 0.9189016819000244,
            "Y": 1
          },
          {
            "X": 0.7796934843063354,
            "Y": 1
          }
        ]
      },
      "Id": "44675e32-1ffb-4240-9a6b-20ba25ac8a1c",
      "Relationships": [
        {
          "Type": "CHILD",
          "Ids": [
            "dc043464-02a1-4f61-a21f-d5591caea288"
          ]
        }
      ]
    },
    {
      "BlockType": "CELL",
      "Confidence": 79.0711669921875,
      "RowIndex": 6,
      "ColumnIndex": 4,
      "RowSpan": 1,
      "ColumnSpan": 1,
      "Geometry": {
        "BoundingBox": {
          "Width": 0.07847990840673447,
          "Height": 0.1689189225435257,
          "Left": 0.9189016819000244,
          "Top": 0.8310810923576355
        },
        "Polygon": [
          {
            "X": 0.9189016819000244,
            "Y": 0.8310810923576355
          },
          {
            "X": 0.9973815679550171,
            "Y": 0.8310810923576355
          },
          {
            "X": 0.9973815679550171,
            "Y": 1
          },
          {
            "X": 0.9189016819000244,
            "Y": 1
          }
        ]
      },
      "Id": "21f9965e-1f0a-43f1-9793-d1f9e002408e",
      "Relationships": [
        {
          "Type": "CHILD",
          "Ids": [
            "ddc89d64-54c3-4553-9a30-80127e927307"
          ]
        }
      ]
    }
  ],
  "AnalyzeDocumentModelVersion": "1.0"
}