{
  "DocumentMetadata": {
    "Pages": 1
  },
  "Blocks": [
    {
      "BlockType": "PAGE",
      "Geometry": {
        "BoundingBox": {
          "Width": 1,
          "Height": 1,
          "Left": 0,
          "Top": 0
        },
        "Polygon": [
          {
            "X": 1.8585426529447672e-17,
            "Y": 0
          },
          {
            "X": 1,
            "Y": 8.069547363220159e-16
          },
          {
            "X": 1,
            "Y": 1
          },
          {
            "X": 0,
            "Y": 1
          }
        ]
      },
      "Id": "990d5b26-bf1e-4f7d-8e17-19bb79755205",
      "Relationships": [
        {
          "Type": "CHILD",
          "Ids": [
            "35c58abe-9ce3-4a4f-8e71-1578be0b5967",
            "157be36f-6d77-4f42-a59d-4202917c41da",
            "d9c8d8b9-c076-490f-9c4d-9a1b113d9044",
            "cf256747-fbb1-4466-8a15-b540626d8826",
            "f5706642-af64-42d3-b76b-b8fbcdc10b1e",
            "3787ce61-6cb1-49e7-8041-26302744a734",
            "95c4f0f0-f1f1-4bef-bd93-6db11c712bd6",
            "f38ab8d3-d635-4d0a-a9db-0417529d9e27",
            "f9230c05-df37-4bf6-9655-386c43e58e61",
            "11821543-baba-48c4-aa41-b555b913b582",
            "a326dc34-9bca-42fb-92ef-5a26f7322ab5",
            "ccd18e38-61d7-4144-bbc7-57f355b338dd",
            "ef91b36a-78f7-449a-bb30-43f1c29aaf2f"
          ]
        }
      ],
      "childText": "Signal Input Signal Output Signal Direct I/O in IO_MUX 227 - sig_in_func227 - 228 - sig_in_func228 - ",
      "SearchKey": "Signal Input Signal Output Signal Direct I/O in IO_MUX 227 - sig_in_func227 - 228 - sig_in_func228 - ",
      "Page": 1
    },
    {
      "BlockType": "LINE",
      "Confidence": 99.2933120727539,
      "Text": "Signal",
      "Geometry": {
        "BoundingBox": {
          "Width": 0.05768033489584923,
          "Height": 0.15640749037265778,
          "Left": 0.028730105608701706,
          "Top": 0.19648262858390808
        },
        "Polygon": [
          {
            "X": 0.028730105608701706,
            "Y": 0.19648262858390808
          },
          {
            "X": 0.08641044050455093,
            "Y": 0.19648262858390808
          },
          {
            "X": 0.08641044050455093,
            "Y": 0.35289010405540466
          },
          {
            "X": 0.028730105608701706,
            "Y": 0.35289010405540466
          }
        ]
      },
      "Id": "35c58abe-9ce3-4a4f-8e71-1578be0b5967",
      "Relationships": [
        {
          "Type": "CHILD",
          "Ids": [
            "de9a9374-a082-40ad-9045-4e85b1619701"
          ]
        }
      ],
      "Page": 1,
      "childText": "Signal ",
      "SearchKey": "Signal"
    },
    {
      "BlockType": "LINE",
      "Confidence": 98.80648803710938,
      "Text": "Input Signal",
      "Geometry": {
        "BoundingBox": {
          "Width": 0.1099085807800293,
          "Height": 0.15633729100227356,
          "Left": 0.17634114623069763,
          "Top": 0.1967259794473648
        },
        "Polygon": [
          {
            "X": 0.17634114623069763,
            "Y": 0.1967259794473648
          },
          {
            "X": 0.28624972701072693,
            "Y": 0.1967259794473648
          },
          {
            "X": 0.28624972701072693,
            "Y": 0.35306328535079956
          },
          {
            "X": 0.17634114623069763,
            "Y": 0.35306328535079956
          }
        ]
      },
      "Id": "157be36f-6d77-4f42-a59d-4202917c41da",
      "Relationships": [
        {
          "Type": "CHILD",
          "Ids": [
            "ff1abe51-3070-45aa-9ef8-02d0e25259b7",
            "58ead5d7-4b96-4729-bdc8-6c8ee1f67038"
          ]
        }
      ],
      "Page": 1,
      "childText": "Input Signal ",
      "SearchKey": "Input Signal"
    },
    {
      "BlockType": "LINE",
      "Confidence": 99.25985717773438,
      "Text": "Output Signal",
      "Geometry": {
        "BoundingBox": {
          "Width": 0.12741543352603912,
          "Height": 0.1603991687297821,
          "Left": 0.4449706971645355,
          "Top": 0.19526934623718262
        },
        "Polygon": [
          {
            "X": 0.4449706971645355,
            "Y": 0.19526934623718262
          },
          {
            "X": 0.5723861455917358,
            "Y": 0.19526934623718262
          },
          {
            "X": 0.5723861455917358,
            "Y": 0.3556685149669647
          },
          {
            "X": 0.4449706971645355,
            "Y": 0.3556685149669647
          }
        ]
      },
      "Id": "d9c8d8b9-c076-490f-9c4d-9a1b113d9044",
      "Relationships": [
        {
          "Type": "CHILD",
          "Ids": [
            "886e0e04-8dcb-46fb-a97c-959c0aefcf66",
            "ee28a690-d5d3-414e-93e3-1d80293e3c6b"
          ]
        }
      ],
      "Page": 1,
      "childText": "Output Signal ",
      "SearchKey": "Output Signal"
    },
    {
      "BlockType": "LINE",
      "Confidence": 92.80622863769531,
      "Text": "Direct I/O in IO_MUX",
      "Geometry": {
        "BoundingBox": {
          "Width": 0.19254334270954132,
          "Height": 0.14375613629817963,
          "Left": 0.7205772399902344,
          "Top": 0.19794145226478577
        },
        "Polygon": [
          {
            "X": 0.7205772399902344,
            "Y": 0.19794145226478577
          },
          {
            "X": 0.9131205677986145,
            "Y": 0.19794145226478577
          },
          {
            "X": 0.9131205677986145,
            "Y": 0.3416976034641266
          },
          {
            "X": 0.7205772399902344,
            "Y": 0.3416976034641266
          }
        ]
      },
      "Id": "cf256747-fbb1-4466-8a15-b540626d8826",
      "Relationships": [
        {
          "Type": "CHILD",
          "Ids": [
            "478500ab-4ec8-40e9-a73d-5258f5cde737",
            "c134268b-8955-4db7-afbe-ff9509b622d7",
            "cda13a51-d1c6-4206-8dd1-0e9afeee4afa",
            "1b0a4c42-c78a-4301-bf55-75ff4f755f3a"
          ]
        }
      ],
      "Page": 1,
      "childText": "Direct I/O in IO_MUX ",
      "SearchKey": "Direct I/O in IO_MUX"
    },
    {
      "BlockType": "LINE",
      "Confidence": 99.92303466796875,
      "Text": "227",
      "Geometry": {
        "BoundingBox": {
          "Width": 0.03769255802035332,
          "Height": 0.1238710880279541,
          "Left": 0.028475800529122353,
          "Top": 0.4355338513851166
        },
        "Polygon": [
          {
            "X": 0.028475800529122353,
            "Y": 0.4355338513851166
          },
          {
            "X": 0.06616836041212082,
            "Y": 0.4355338513851166
          },
          {
            "X": 0.06616836041212082,
            "Y": 0.5594049692153931
          },
          {
            "X": 0.028475800529122353,
            "Y": 0.5594049692153931
          }
        ]
      },
      "Id": "f5706642-af64-42d3-b76b-b8fbcdc10b1e",
      "Relationships": [
        {
          "Type": "CHILD",
          "Ids": [
            "3f75f0e4-aff0-4efc-b419-e5071e28b468"
          ]
        }
      ],
      "Page": 1,
      "childText": "227 ",
      "SearchKey": "227"
    },
    {
      "BlockType": "LINE",
      "Confidence": 98.6378173828125,
      "Text": "-",
      "Geometry": {
        "BoundingBox": {
          "Width": 0.009347228333353996,
          "Height": 0.03454279899597168,
          "Left": 0.17663292586803436,
          "Top": 0.48908963799476624
        },
        "Polygon": [
          {
            "X": 0.17663292586803436,
            "Y": 0.48908963799476624
          },
          {
            "X": 0.1859801560640335,
            "Y": 0.48908963799476624
          },
          {
            "X": 0.1859801560640335,
            "Y": 0.5236324071884155
          },
          {
            "X": 0.17663292586803436,
            "Y": 0.5236324071884155
          }
        ]
      },
      "Id": "3787ce61-6cb1-49e7-8041-26302744a734",
      "Relationships": [
        {
          "Type": "CHILD",
          "Ids": [
            "1e0ac6b8-0e8f-435f-90cb-90d4381d2a8f"
          ]
        }
      ],
      "Page": 1,
      "childText": "- ",
      "SearchKey": "-"
    },
    {
      "BlockType": "LINE",
      "Confidence": 99.23747253417969,
      "Text": "sig_in_func227",
      "Geometry": {
        "BoundingBox": {
          "Width": 0.14167888462543488,
          "Height": 0.15638446807861328,
          "Left": 0.4438270330429077,
          "Top": 0.42910146713256836
        },
        "Polygon": [
          {
            "X": 0.4438270330429077,
            "Y": 0.42910146713256836
          },
          {
            "X": 0.5855059027671814,
            "Y": 0.42910146713256836
          },
          {
            "X": 0.5855059027671814,
            "Y": 0.5854859352111816
          },
          {
            "X": 0.4438270330429077,
            "Y": 0.5854859352111816
          }
        ]
      },
      "Id": "95c4f0f0-f1f1-4bef-bd93-6db11c712bd6",
      "Relationships": [
        {
          "Type": "CHILD",
          "Ids": [
            "67417633-7356-4d4a-9b80-617cf147afef"
          ]
        }
      ],
      "Page": 1,
      "childText": "sig_in_func227 ",
      "SearchKey": "sig_in_func227"
    },
    {
      "BlockType": "LINE",
      "Confidence": 98.66975402832031,
      "Text": "-",
      "Geometry": {
        "BoundingBox": {
          "Width": 0.008855225518345833,
          "Height": 0.034582920372486115,
          "Left": 0.7209673523902893,
          "Top": 0.4895929992198944
        },
        "Polygon": [
          {
            "X": 0.7209673523902893,
            "Y": 0.4895929992198944
          },
          {
            "X": 0.72982257604599,
            "Y": 0.4895929992198944
          },
          {
            "X": 0.72982257604599,
            "Y": 0.5241759419441223
          },
          {
            "X": 0.7209673523902893,
            "Y": 0.5241759419441223
          }
        ]
      },
      "Id": "f38ab8d3-d635-4d0a-a9db-0417529d9e27",
      "Relationships": [
        {
          "Type": "CHILD",
          "Ids": [
            "aa53107f-b39b-4bbe-a2f3-01e747e2f091"
          ]
        }
      ],
      "Page": 1,
      "childText": "- ",
      "SearchKey": "-"
    },
    {
      "BlockType": "LINE",
      "Confidence": 99.93643188476562,
      "Text": "228",
      "Geometry": {
        "BoundingBox": {
          "Width": 0.037491340190172195,
          "Height": 0.12409006059169769,
          "Left": 0.02899392507970333,
          "Top": 0.6572627425193787
        },
        "Polygon": [
          {
            "X": 0.02899392507970333,
            "Y": 0.6572627425193787
          },
          {
            "X": 0.06648526340723038,
            "Y": 0.6572627425193787
          },
          {
            "X": 0.06648526340723038,
            "Y": 0.7813528180122375
          },
          {
            "X": 0.02899392507970333,
            "Y": 0.7813528180122375
          }
        ]
      },
      "Id": "f9230c05-df37-4bf6-9655-386c43e58e61",
      "Relationships": [
        {
          "Type": "CHILD",
          "Ids": [
            "7a8c3813-b6bb-4d31-a2f2-7aaefd4d7946"
          ]
        }
      ],
      "Page": 1,
      "childText": "228 ",
      "SearchKey": "228"
    },
    {
      "BlockType": "LINE",
      "Confidence": 95.60261535644531,
      "Text": "-",
      "Geometry": {
        "BoundingBox": {
          "Width": 0.009445438161492348,
          "Height": 0.037432532757520676,
          "Left": 0.17647121846675873,
          "Top": 0.7112404704093933
        },
        "Polygon": [
          {
            "X": 0.17647121846675873,
            "Y": 0.7112404704093933
          },
          {
            "X": 0.18591666221618652,
            "Y": 0.7112404704093933
          },
          {
            "X": 0.18591666221618652,
            "Y": 0.7486730217933655
          },
          {
            "X": 0.17647121846675873,
            "Y": 0.7486730217933655
          }
        ]
      },
      "Id": "11821543-baba-48c4-aa41-b555b913b582",
      "Relationships": [
        {
          "Type": "CHILD",
          "Ids": [
            "c967b07a-5f01-40ed-a223-d63d760a3238"
          ]
        }
      ],
      "Page": 1,
      "childText": "- ",
      "SearchKey": "-"
    },
    {
      "BlockType": "LINE",
      "Confidence": 99.3785171508789,
      "Text": "sig_in_func228",
      "Geometry": {
        "BoundingBox": {
          "Width": 0.1382252722978592,
          "Height": 0.16293294727802277,
          "Left": 0.4452565610408783,
          "Top": 0.649483323097229
        },
        "Polygon": [
          {
            "X": 0.4452565610408783,
            "Y": 0.649483323097229
          },
          {
            "X": 0.5834818482398987,
            "Y": 0.649483323097229
          },
          {
            "X": 0.5834818482398987,
            "Y": 0.8124162554740906
          },
          {
            "X": 0.4452565610408783,
            "Y": 0.8124162554740906
          }
        ]
      },
      "Id": "a326dc34-9bca-42fb-92ef-5a26f7322ab5",
      "Relationships": [
        {
          "Type": "CHILD",
          "Ids": [
            "563c0bbf-6905-4c6b-a72f-bae700aa7de1"
          ]
        }
      ],
      "Page": 1,
      "childText": "sig_in_func228 ",
      "SearchKey": "sig_in_func228"
    },
    {
      "BlockType": "LINE",
      "Confidence": 96.8779067993164,
      "Text": "-",
      "Geometry": {
        "BoundingBox": {
          "Width": 0.008739274926483631,
          "Height": 0.03272642567753792,
          "Left": 0.721057653427124,
          "Top": 0.7146347165107727
        },
        "Polygon": [
          {
            "X": 0.721057653427124,
            "Y": 0.7146347165107727
          },
          {
            "X": 0.7297969460487366,
            "Y": 0.7146347165107727
          },
          {
            "X": 0.7297969460487366,
            "Y": 0.7473611235618591
          },
          {
            "X": 0.721057653427124,
            "Y": 0.7473611235618591
          }
        ]
      },
      "Id": "ccd18e38-61d7-4144-bbc7-57f355b338dd",
      "Relationships": [
        {
          "Type": "CHILD",
          "Ids": [
            "4cadcb13-69be-4b26-9448-1083923aac61"
          ]
        }
      ],
      "Page": 1,
      "childText": "- ",
      "SearchKey": "-"
    },
    {
      "BlockType": "WORD",
      "Confidence": 99.2933120727539,
      "Text": "Signal",
      "TextType": "PRINTED",
      "Geometry": {
        "BoundingBox": {
          "Width": 0.05768033489584923,
          "Height": 0.15640749037265778,
          "Left": 0.028730105608701706,
          "Top": 0.19648262858390808
        },
        "Polygon": [
          {
            "X": 0.028730105608701706,
            "Y": 0.19648262858390808
          },
          {
            "X": 0.08641044050455093,
            "Y": 0.19648262858390808
          },
          {
            "X": 0.08641044050455093,
            "Y": 0.35289010405540466
          },
          {
            "X": 0.028730105608701706,
            "Y": 0.35289010405540466
          }
        ]
      },
      "Id": "de9a9374-a082-40ad-9045-4e85b1619701",
      "Page": 1,
      "SearchKey": "Signal"
    },
    {
      "BlockType": "WORD",
      "Confidence": 98.4641342163086,
      "Text": "Input",
      "TextType": "PRINTED",
      "Geometry": {
        "BoundingBox": {
          "Width": 0.04896646738052368,
          "Height": 0.15324003994464874,
          "Left": 0.17634114623069763,
          "Top": 0.19982324540615082
        },
        "Polygon": [
          {
            "X": 0.17634114623069763,
            "Y": 0.19982324540615082
          },
          {
            "X": 0.2253076136112213,
            "Y": 0.19982324540615082
          },
          {
            "X": 0.2253076136112213,
            "Y": 0.35306328535079956
          },
          {
            "X": 0.17634114623069763,
            "Y": 0.35306328535079956
          }
        ]
      },
      "Id": "ff1abe51-3070-45aa-9ef8-02d0e25259b7",
      "Page": 1,
      "SearchKey": "Input"
    },
    {
      "BlockType": "WORD",
      "Confidence": 99.14884948730469,
      "Text": "Signal",
      "TextType": "PRINTED",
      "Geometry": {
        "BoundingBox": {
          "Width": 0.05780690908432007,
          "Height": 0.15628711879253387,
          "Left": 0.22844281792640686,
          "Top": 0.1967259794473648
        },
        "Polygon": [
          {
            "X": 0.22844281792640686,
            "Y": 0.1967259794473648
          },
          {
            "X": 0.28624972701072693,
            "Y": 0.1967259794473648
          },
          {
            "X": 0.28624972701072693,
            "Y": 0.3530130982398987
          },
          {
            "X": 0.22844281792640686,
            "Y": 0.3530130982398987
          }
        ]
      },
      "Id": "58ead5d7-4b96-4729-bdc8-6c8ee1f67038",
      "Page": 1,
      "SearchKey": "Signal"
    },
    {
      "BlockType": "WORD",
      "Confidence": 99.63484954833984,
      "Text": "Output",
      "TextType": "PRINTED",
      "Geometry": {
        "BoundingBox": {
          "Width": 0.06745897978544235,
          "Height": 0.1603991687297821,
          "Left": 0.4449706971645355,
          "Top": 0.19526934623718262
        },
        "Polygon": [
          {
            "X": 0.4449706971645355,
            "Y": 0.19526934623718262
          },
          {
            "X": 0.5124296545982361,
            "Y": 0.19526934623718262
          },
          {
            "X": 0.5124296545982361,
            "Y": 0.3556685149669647
          },
          {
            "X": 0.4449706971645355,
            "Y": 0.3556685149669647
          }
        ]
      },
      "Id": "886e0e04-8dcb-46fb-a97c-959c0aefcf66",
      "Page": 1,
      "SearchKey": "Output"
    },
    {
      "BlockType": "WORD",
      "Confidence": 98.88487243652344,
      "Text": "Signal",
      "TextType": "PRINTED",
      "Geometry": {
        "BoundingBox": {
          "Width": 0.0578969307243824,
          "Height": 0.1579599380493164,
          "Left": 0.5144891738891602,
          "Top": 0.19599267840385437
        },
        "Polygon": [
          {
            "X": 0.5144891738891602,
            "Y": 0.19599267840385437
          },
          {
            "X": 0.5723861455917358,
            "Y": 0.19599267840385437
          },
          {
            "X": 0.5723861455917358,
            "Y": 0.3539526164531708
          },
          {
            "X": 0.5144891738891602,
            "Y": 0.3539526164531708
          }
        ]
      },
      "Id": "ee28a690-d5d3-414e-93e3-1d80293e3c6b",
      "Page": 1,
      "SearchKey": "Signal"
    },
    {
      "BlockType": "WORD",
      "Confidence": 99.96026611328125,
      "Text": "Direct",
      "TextType": "PRINTED",
      "Geometry": {
        "BoundingBox": {
          "Width": 0.05580920726060867,
          "Height": 0.12929843366146088,
          "Left": 0.7205772399902344,
          "Top": 0.19794145226478577
        },
        "Polygon": [
          {
            "X": 0.7205772399902344,
            "Y": 0.19794145226478577
          },
          {
            "X": 0.7763864398002625,
            "Y": 0.19794145226478577
          },
          {
            "X": 0.7763864398002625,
            "Y": 0.32723990082740784
          },
          {
            "X": 0.7205772399902344,
            "Y": 0.32723990082740784
          }
        ]
      },
      "Id": "478500ab-4ec8-40e9-a73d-5258f5cde737",
      "Page": 1,
      "SearchKey": "Direct"
    },
    {
      "BlockType": "WORD",
      "Confidence": 80.6630859375,
      "Text": "I/O",
      "TextType": "PRINTED",
      "Geometry": {
        "BoundingBox": {
          "Width": 0.02952149696648121,
          "Height": 0.12780962884426117,
          "Left": 0.7796259522438049,
          "Top": 0.19952723383903503
        },
        "Polygon": [
          {
            "X": 0.7796259522438049,
            "Y": 0.19952723383903503
          },
          {
            "X": 0.8091474771499634,
            "Y": 0.19952723383903503
          },
          {
            "X": 0.8091474771499634,
            "Y": 0.327336847782135
          },
          {
            "X": 0.7796259522438049,
            "Y": 0.327336847782135
          }
        ]
      },
      "Id": "c134268b-8955-4db7-afbe-ff9509b622d7",
      "Page": 1,
      "SearchKey": "I/O"
    },
    {
      "BlockType": "WORD",
      "Confidence": 99.86522674560547,
      "Text": "in",
      "TextType": "PRINTED",
      "Geometry": {
        "BoundingBox": {
          "Width": 0.01763717457652092,
          "Height": 0.12588496506214142,
          "Left": 0.8129026889801025,
          "Top": 0.20098094642162323
        },
        "Polygon": [
          {
            "X": 0.8129026889801025,
            "Y": 0.20098094642162323
          },
          {
            "X": 0.830539882183075,
            "Y": 0.20098094642162323
          },
          {
            "X": 0.830539882183075,
            "Y": 0.32686591148376465
          },
          {
            "X": 0.8129026889801025,
            "Y": 0.32686591148376465
          }
        ]
      },
      "Id": "cda13a51-d1c6-4206-8dd1-0e9afeee4afa",
      "Page": 1,
      "SearchKey": "in"
    },
    {
      "BlockType": "WORD",
      "Confidence": 90.7363510131836,
      "Text": "IO_MUX",
      "TextType": "PRINTED",
      "Geometry": {
        "BoundingBox": {
          "Width": 0.07729540020227432,
          "Height": 0.1434086561203003,
          "Left": 0.8358252048492432,
          "Top": 0.1982889324426651
        },
        "Polygon": [
          {
            "X": 0.8358252048492432,
            "Y": 0.1982889324426651
          },
          {
            "X": 0.9131205677986145,
            "Y": 0.1982889324426651
          },
          {
            "X": 0.9131205677986145,
            "Y": 0.3416976034641266
          },
          {
            "X": 0.8358252048492432,
            "Y": 0.3416976034641266
          }
        ]
      },
      "Id": "1b0a4c42-c78a-4301-bf55-75ff4f755f3a",
      "Page": 1,
      "SearchKey": "IO_MUX"
    },
    {
      "BlockType": "WORD",
      "Confidence": 99.92303466796875,
      "Text": "227",
      "TextType": "PRINTED",
      "Geometry": {
        "BoundingBox": {
          "Width": 0.03769255802035332,
          "Height": 0.1238710880279541,
          "Left": 0.028475800529122353,
          "Top": 0.4355338513851166
        },
        "Polygon": [
          {
            "X": 0.028475800529122353,
            "Y": 0.4355338513851166
          },
          {
            "X": 0.06616836041212082,
            "Y": 0.4355338513851166
          },
          {
            "X": 0.06616836041212082,
            "Y": 0.5594049692153931
          },
          {
            "X": 0.028475800529122353,
            "Y": 0.5594049692153931
          }
        ]
      },
      "Id": "3f75f0e4-aff0-4efc-b419-e5071e28b468",
      "Page": 1,
      "SearchKey": "227"
    },
    {
      "BlockType": "WORD",
      "Confidence": 98.6378173828125,
      "Text": "-",
      "TextType": "PRINTED",
      "Geometry": {
        "BoundingBox": {
          "Width": 0.009347228333353996,
          "Height": 0.03454279899597168,
          "Left": 0.17663292586803436,
          "Top": 0.48908963799476624
        },
        "Polygon": [
          {
            "X": 0.17663292586803436,
            "Y": 0.48908963799476624
          },
          {
            "X": 0.1859801560640335,
            "Y": 0.48908963799476624
          },
          {
            "X": 0.1859801560640335,
            "Y": 0.5236324071884155
          },
          {
            "X": 0.17663292586803436,
            "Y": 0.5236324071884155
          }
        ]
      },
      "Id": "1e0ac6b8-0e8f-435f-90cb-90d4381d2a8f",
      "Page": 1,
      "SearchKey": "-"
    },
    {
      "BlockType": "WORD",
      "Confidence": 99.23747253417969,
      "Text": "sig_in_func227",
      "TextType": "PRINTED",
      "Geometry": {
        "BoundingBox": {
          "Width": 0.14167888462543488,
          "Height": 0.15638446807861328,
          "Left": 0.4438270330429077,
          "Top": 0.42910146713256836
        },
        "Polygon": [
          {
            "X": 0.4438270330429077,
            "Y": 0.42910146713256836
          },
          {
            "X": 0.5855059027671814,
            "Y": 0.42910146713256836
          },
          {
            "X": 0.5855059027671814,
            "Y": 0.5854859352111816
          },
          {
            "X": 0.4438270330429077,
            "Y": 0.5854859352111816
          }
        ]
      },
      "Id": "67417633-7356-4d4a-9b80-617cf147afef",
      "Page": 1,
      "SearchKey": "sig_in_func227"
    },
    {
      "BlockType": "WORD",
      "Confidence": 98.66975402832031,
      "Text": "-",
      "TextType": "PRINTED",
      "Geometry": {
        "BoundingBox": {
          "Width": 0.008855225518345833,
          "Height": 0.034582920372486115,
          "Left": 0.7209673523902893,
          "Top": 0.4895929992198944
        },
        "Polygon": [
          {
            "X": 0.7209673523902893,
            "Y": 0.4895929992198944
          },
          {
            "X": 0.72982257604599,
            "Y": 0.4895929992198944
          },
          {
            "X": 0.72982257604599,
            "Y": 0.5241759419441223
          },
          {
            "X": 0.7209673523902893,
            "Y": 0.5241759419441223
          }
        ]
      },
      "Id": "aa53107f-b39b-4bbe-a2f3-01e747e2f091",
      "Page": 1,
      "SearchKey": "-"
    },
    {
      "BlockType": "WORD",
      "Confidence": 99.93643188476562,
      "Text": "228",
      "TextType": "PRINTED",
      "Geometry": {
        "BoundingBox": {
          "Width": 0.037491340190172195,
          "Height": 0.12409006059169769,
          "Left": 0.02899392507970333,
          "Top": 0.6572627425193787
        },
        "Polygon": [
          {
            "X": 0.02899392507970333,
            "Y": 0.6572627425193787
          },
          {
            "X": 0.06648526340723038,
            "Y": 0.6572627425193787
          },
          {
            "X": 0.06648526340723038,
            "Y": 0.7813528180122375
          },
          {
            "X": 0.02899392507970333,
            "Y": 0.7813528180122375
          }
        ]
      },
      "Id": "7a8c3813-b6bb-4d31-a2f2-7aaefd4d7946",
      "Page": 1,
      "SearchKey": "228"
    },
    {
      "BlockType": "WORD",
      "Confidence": 95.60261535644531,
      "Text": "-",
      "TextType": "PRINTED",
      "Geometry": {
        "BoundingBox": {
          "Width": 0.009445438161492348,
          "Height": 0.037432532757520676,
          "Left": 0.17647121846675873,
          "Top": 0.7112404704093933
        },
        "Polygon": [
          {
            "X": 0.17647121846675873,
            "Y": 0.7112404704093933
          },
          {
            "X": 0.18591666221618652,
            "Y": 0.7112404704093933
          },
          {
            "X": 0.18591666221618652,
            "Y": 0.7486730217933655
          },
          {
            "X": 0.17647121846675873,
            "Y": 0.7486730217933655
          }
        ]
      },
      "Id": "c967b07a-5f01-40ed-a223-d63d760a3238",
      "Page": 1,
      "SearchKey": "-"
    },
    {
      "BlockType": "WORD",
      "Confidence": 99.3785171508789,
      "Text": "sig_in_func228",
      "TextType": "PRINTED",
      "Geometry": {
        "BoundingBox": {
          "Width": 0.1382252722978592,
          "Height": 0.16293294727802277,
          "Left": 0.4452565610408783,
          "Top": 0.649483323097229
        },
        "Polygon": [
          {
            "X": 0.4452565610408783,
            "Y": 0.649483323097229
          },
          {
            "X": 0.5834818482398987,
            "Y": 0.649483323097229
          },
          {
            "X": 0.5834818482398987,
            "Y": 0.8124162554740906
          },
          {
            "X": 0.4452565610408783,
            "Y": 0.8124162554740906
          }
        ]
      },
      "Id": "563c0bbf-6905-4c6b-a72f-bae700aa7de1",
      "Page": 1,
      "SearchKey": "sig_in_func228"
    },
    {
      "BlockType": "WORD",
      "Confidence": 96.8779067993164,
      "Text": "-",
      "TextType": "PRINTED",
      "Geometry": {
        "BoundingBox": {
          "Width": 0.008739274926483631,
          "Height": 0.03272642567753792,
          "Left": 0.721057653427124,
          "Top": 0.7146347165107727
        },
        "Polygon": [
          {
            "X": 0.721057653427124,
            "Y": 0.7146347165107727
          },
          {
            "X": 0.7297969460487366,
            "Y": 0.7146347165107727
          },
          {
            "X": 0.7297969460487366,
            "Y": 0.7473611235618591
          },
          {
            "X": 0.721057653427124,
            "Y": 0.7473611235618591
          }
        ]
      },
      "Id": "4cadcb13-69be-4b26-9448-1083923aac61",
      "Page": 1,
      "SearchKey": "-"
    },
    {
      "BlockType": "TABLE",
      "Confidence": 99.43936920166016,
      "Geometry": {
        "BoundingBox": {
          "Width": 0.959540843963623,
          "Height": 0.6754607558250427,
          "Left": 0.016896022483706474,
          "Top": 0.15491904318332672
        },
        "Polygon": [
          {
            "X": 0.016896022483706474,
            "Y": 0.15491904318332672
          },
          {
            "X": 0.9764368534088135,
            "Y": 0.15491904318332672
          },
          {
            "X": 0.9764368534088135,
            "Y": 0.830379843711853
          },
          {
            "X": 0.016896022483706474,
            "Y": 0.830379843711853
          }
        ]
      },
      "Id": "ef91b36a-78f7-449a-bb30-43f1c29aaf2f",
      "Relationships": [
        {
          "Type": "CHILD",
          "Ids": [
            "df3d357d-9637-4426-8f12-4b31ff37e8ea",
            "c9bee1f2-0d96-42ef-9cc1-5828fbe88f45",
            "0661a83c-9460-4115-8c3f-ed48df873854",
            "9fdf6e28-2163-4157-9e94-17dc6885f071",
            "85ec0e6d-22d2-4729-8ae0-1cdadf0188f7",
            "cc500259-e62c-4c51-8f0a-d0166645b785",
            "c6ffeb7d-4143-4e33-83c0-a64472564494",
            "507ff32e-4282-4f09-9eb1-ee72d156cc70",
            "e5e7be6d-2e57-4b55-b0b9-92c829fd7c72",
            "6d094d19-4683-4409-9873-de98a332090c",
            "218a4f85-40b8-4f8c-9ad6-0d1442858c3d",
            "c8b786f3-2b53-4fcc-a05e-7a61e6e906b5"
          ]
        }
      ],
      "Page": 1
    },
    {
      "BlockType": "CELL",
      "Confidence": 87.82218170166016,
      "RowIndex": 1,
      "ColumnIndex": 1,
      "RowSpan": 1,
      "ColumnSpan": 1,
      "Geometry": {
        "BoundingBox": {
          "Width": 0.14706061780452728,
          "Height": 0.22008095681667328,
          "Left": 0.016896022483706474,
          "Top": 0.15491904318332672
        },
        "Polygon": [
          {
            "X": 0.016896022483706474,
            "Y": 0.15491904318332672
          },
          {
            "X": 0.1639566421508789,
            "Y": 0.15491904318332672
          },
          {
            "X": 0.1639566421508789,
            "Y": 0.375
          },
          {
            "X": 0.016896022483706474,
            "Y": 0.375
          }
        ]
      },
      "Id": "df3d357d-9637-4426-8f12-4b31ff37e8ea",
      "Relationships": [
        {
          "Type": "CHILD",
          "Ids": [
            "de9a9374-a082-40ad-9045-4e85b1619701"
          ]
        }
      ],
      "EntityTypes": [
        "COLUMN_HEADER"
      ],
      "Page": 1,
      "childText": "Signal ",
      "SearchKey": "Signal "
    },
    {
      "BlockType": "CELL",
      "Confidence": 91.29179382324219,
      "RowIndex": 1,
      "ColumnIndex": 2,
      "RowSpan": 1,
      "ColumnSpan": 1,
      "Geometry": {
        "BoundingBox": {
          "Width": 0.26829269528388977,
          "Height": 0.22008095681667328,
          "Left": 0.1639566421508789,
          "Top": 0.15491904318332672
        },
        "Polygon": [
          {
            "X": 0.1639566421508789,
            "Y": 0.15491904318332672
          },
          {
            "X": 0.4322493076324463,
            "Y": 0.15491904318332672
          },
          {
            "X": 0.4322493076324463,
            "Y": 0.375
          },
          {
            "X": 0.1639566421508789,
            "Y": 0.375
          }
        ]
      },
      "Id": "c9bee1f2-0d96-42ef-9cc1-5828fbe88f45",
      "Relationships": [
        {
          "Type": "CHILD",
          "Ids": [
            "ff1abe51-3070-45aa-9ef8-02d0e25259b7",
            "58ead5d7-4b96-4729-bdc8-6c8ee1f67038"
          ]
        }
      ],
      "EntityTypes": [
        "COLUMN_HEADER"
      ],
      "Page": 1,
      "childText": "Input Signal ",
      "SearchKey": "Input Signal "
    },
    {
      "BlockType": "CELL",
      "Confidence": 90.31537628173828,
      "RowIndex": 1,
      "ColumnIndex": 3,
      "RowSpan": 1,
      "ColumnSpan": 1,
      "Geometry": {
        "BoundingBox": {
          "Width": 0.27642276883125305,
          "Height": 0.22008095681667328,
          "Left": 0.4322493076324463,
          "Top": 0.15491904318332672
        },
        "Polygon": [
          {
            "X": 0.4322493076324463,
            "Y": 0.15491904318332672
          },
          {
            "X": 0.7086721062660217,
            "Y": 0.15491904318332672
          },
          {
            "X": 0.7086721062660217,
            "Y": 0.375
          },
          {
            "X": 0.4322493076324463,
            "Y": 0.375
          }
        ]
      },
      "Id": "0661a83c-9460-4115-8c3f-ed48df873854",
      "Relationships": [
        {
          "Type": "CHILD",
          "Ids": [
            "886e0e04-8dcb-46fb-a97c-959c0aefcf66",
            "ee28a690-d5d3-414e-93e3-1d80293e3c6b"
          ]
        }
      ],
      "EntityTypes": [
        "COLUMN_HEADER"
      ],
      "Page": 1,
      "childText": "Output Signal ",
      "SearchKey": "Output Signal "
    },
    {
      "BlockType": "CELL",
      "Confidence": 89.45349884033203,
      "RowIndex": 1,
      "ColumnIndex": 4,
      "RowSpan": 1,
      "ColumnSpan": 1,
      "Geometry": {
        "BoundingBox": {
          "Width": 0.26776477694511414,
          "Height": 0.22008095681667328,
          "Left": 0.7086721062660217,
          "Top": 0.15491904318332672
        },
        "Polygon": [
          {
            "X": 0.7086721062660217,
            "Y": 0.15491904318332672
          },
          {
            "X": 0.9764368534088135,
            "Y": 0.15491904318332672
          },
          {
            "X": 0.9764368534088135,
            "Y": 0.375
          },
          {
            "X": 0.7086721062660217,
            "Y": 0.375
          }
        ]
      },
      "Id": "9fdf6e28-2163-4157-9e94-17dc6885f071",
      "Relationships": [
        {
          "Type": "CHILD",
          "Ids": [
            "478500ab-4ec8-40e9-a73d-5258f5cde737",
            "c134268b-8955-4db7-afbe-ff9509b622d7",
            "cda13a51-d1c6-4206-8dd1-0e9afeee4afa",
            "1b0a4c42-c78a-4301-bf55-75ff4f755f3a"
          ]
        }
      ],
      "EntityTypes": [
        "COLUMN_HEADER"
      ],
      "Page": 1,
      "childText": "Direct I/O in IO_MUX ",
      "SearchKey": "Direct I/O in IO_MUX "
    },
    {
      "BlockType": "CELL",
      "Confidence": 86.49674987792969,
      "RowIndex": 2,
      "ColumnIndex": 1,
      "RowSpan": 1,
      "ColumnSpan": 1,
      "Geometry": {
        "BoundingBox": {
          "Width": 0.14706061780452728,
          "Height": 0.2232142835855484,
          "Left": 0.016896022483706474,
          "Top": 0.375
        },
        "Polygon": [
          {
            "X": 0.016896022483706474,
            "Y": 0.375
          },
          {
            "X": 0.1639566421508789,
            "Y": 0.375
          },
          {
            "X": 0.1639566421508789,
            "Y": 0.5982142686843872
          },
          {
            "X": 0.016896022483706474,
            "Y": 0.5982142686843872
          }
        ]
      },
      "Id": "85ec0e6d-22d2-4729-8ae0-1cdadf0188f7",
      "Relationships": [
        {
          "Type": "CHILD",
          "Ids": [
            "3f75f0e4-aff0-4efc-b419-e5071e28b468"
          ]
        }
      ],
      "Page": 1,
      "childText": "227 ",
      "SearchKey": "227 "
    },
    {
      "BlockType": "CELL",
      "Confidence": 89.91399383544922,
      "RowIndex": 2,
      "ColumnIndex": 2,
      "RowSpan": 1,
      "ColumnSpan": 1,
      "Geometry": {
        "BoundingBox": {
          "Width": 0.26829269528388977,
          "Height": 0.2232142835855484,
          "Left": 0.1639566421508789,
          "Top": 0.375
        },
        "Polygon": [
          {
            "X": 0.1639566421508789,
            "Y": 0.375
          },
          {
            "X": 0.4322493076324463,
            "Y": 0.375
          },
          {
            "X": 0.4322493076324463,
            "Y": 0.5982142686843872
          },
          {
            "X": 0.1639566421508789,
            "Y": 0.5982142686843872
          }
        ]
      },
      "Id": "cc500259-e62c-4c51-8f0a-d0166645b785",
      "Relationships": [
        {
          "Type": "CHILD",
          "Ids": [
            "1e0ac6b8-0e8f-435f-90cb-90d4381d2a8f"
          ]
        }
      ],
      "Page": 1,
      "childText": "- ",
      "SearchKey": "- "
    },
    {
      "BlockType": "CELL",
      "Confidence": 88.95232391357422,
      "RowIndex": 2,
      "ColumnIndex": 3,
      "RowSpan": 1,
      "ColumnSpan": 1,
      "Geometry": {
        "BoundingBox": {
          "Width": 0.27642276883125305,
          "Height": 0.2232142835855484,
          "Left": 0.4322493076324463,
          "Top": 0.375
        },
        "Polygon": [
          {
            "X": 0.4322493076324463,
            "Y": 0.375
          },
          {
            "X": 0.7086721062660217,
            "Y": 0.375
          },
          {
            "X": 0.7086721062660217,
            "Y": 0.5982142686843872
          },
          {
            "X": 0.4322493076324463,
            "Y": 0.5982142686843872
          }
        ]
      },
      "Id": "c6ffeb7d-4143-4e33-83c0-a64472564494",
      "Relationships": [
        {
          "Type": "CHILD",
          "Ids": [
            "67417633-7356-4d4a-9b80-617cf147afef"
          ]
        }
      ],
      "Page": 1,
      "childText": "sig_in_func227 ",
      "SearchKey": "sig_in_func227 "
    },
    {
      "BlockType": "CELL",
      "Confidence": 88.10344696044922,
      "RowIndex": 2,
      "ColumnIndex": 4,
      "RowSpan": 1,
      "ColumnSpan": 1,
      "Geometry": {
        "BoundingBox": {
          "Width": 0.26776477694511414,
          "Height": 0.2232142835855484,
          "Left": 0.7086721062660217,
          "Top": 0.375
        },
        "Polygon": [
          {
            "X": 0.7086721062660217,
            "Y": 0.375
          },
          {
            "X": 0.9764368534088135,
            "Y": 0.375
          },
          {
            "X": 0.9764368534088135,
            "Y": 0.5982142686843872
          },
          {
            "X": 0.7086721062660217,
            "Y": 0.5982142686843872
          }
        ]
      },
      "Id": "507ff32e-4282-4f09-9eb1-ee72d156cc70",
      "Relationships": [
        {
          "Type": "CHILD",
          "Ids": [
            "aa53107f-b39b-4bbe-a2f3-01e747e2f091"
          ]
        }
      ],
      "Page": 1,
      "childText": "- ",
      "SearchKey": "- "
    },
    {
      "BlockType": "CELL",
      "Confidence": 87.06623840332031,
      "RowIndex": 3,
      "ColumnIndex": 1,
      "RowSpan": 1,
      "ColumnSpan": 1,
      "Geometry": {
        "BoundingBox": {
          "Width": 0.14706061780452728,
          "Height": 0.23216554522514343,
          "Left": 0.016896022483706474,
          "Top": 0.5982142686843872
        },
        "Polygon": [
          {
            "X": 0.016896022483706474,
            "Y": 0.5982142686843872
          },
          {
            "X": 0.1639566421508789,
            "Y": 0.5982142686843872
          },
          {
            "X": 0.1639566421508789,
            "Y": 0.830379843711853
          },
          {
            "X": 0.016896022483706474,
            "Y": 0.830379843711853
          }
        ]
      },
      "Id": "e5e7be6d-2e57-4b55-b0b9-92c829fd7c72",
      "Relationships": [
        {
          "Type": "CHILD",
          "Ids": [
            "7a8c3813-b6bb-4d31-a2f2-7aaefd4d7946"
          ]
        }
      ],
      "Page": 1,
      "childText": "228 ",
      "SearchKey": "228 "
    },
    {
      "BlockType": "CELL",
      "Confidence": 90.5059814453125,
      "RowIndex": 3,
      "ColumnIndex": 2,
      "RowSpan": 1,
      "ColumnSpan": 1,
      "Geometry": {
        "BoundingBox": {
          "Width": 0.26829269528388977,
          "Height": 0.23216554522514343,
          "Left": 0.1639566421508789,
          "Top": 0.5982142686843872
        },
        "Polygon": [
          {
            "X": 0.1639566421508789,
            "Y": 0.5982142686843872
          },
          {
            "X": 0.4322493076324463,
            "Y": 0.5982142686843872
          },
          {
            "X": 0.4322493076324463,
            "Y": 0.830379843711853
          },
          {
            "X": 0.1639566421508789,
            "Y": 0.830379843711853
          }
        ]
      },
      "Id": "6d094d19-4683-4409-9873-de98a332090c",
      "Relationships": [
        {
          "Type": "CHILD",
          "Ids": [
            "c967b07a-5f01-40ed-a223-d63d760a3238"
          ]
        }
      ],
      "Page": 1,
      "childText": "- ",
      "SearchKey": "- "
    },
    {
      "BlockType": "CELL",
      "Confidence": 89.53797149658203,
      "RowIndex": 3,
      "ColumnIndex": 3,
      "RowSpan": 1,
      "ColumnSpan": 1,
      "Geometry": {
        "BoundingBox": {
          "Width": 0.27642276883125305,
          "Height": 0.23216554522514343,
          "Left": 0.4322493076324463,
          "Top": 0.5982142686843872
        },
        "Polygon": [
          {
            "X": 0.4322493076324463,
            "Y": 0.5982142686843872
          },
          {
            "X": 0.7086721062660217,
            "Y": 0.5982142686843872
          },
          {
            "X": 0.7086721062660217,
            "Y": 0.830379843711853
          },
          {
            "X": 0.4322493076324463,
            "Y": 0.830379843711853
          }
        ]
      },
      "Id": "218a4f85-40b8-4f8c-9ad6-0d1442858c3d",
      "Relationships": [
        {
          "Type": "CHILD",
          "Ids": [
            "563c0bbf-6905-4c6b-a72f-bae700aa7de1"
          ]
        }
      ],
      "Page": 1,
      "childText": "sig_in_func228 ",
      "SearchKey": "sig_in_func228 "
    },
    {
      "BlockType": "CELL",
      "Confidence": 88.68351745605469,
      "RowIndex": 3,
      "ColumnIndex": 4,
      "RowSpan": 1,
      "ColumnSpan": 1,
      "Geometry": {
        "BoundingBox": {
          "Width": 0.26776477694511414,
          "Height": 0.23216554522514343,
          "Left": 0.7086721062660217,
          "Top": 0.5982142686843872
        },
        "Polygon": [
          {
            "X": 0.7086721062660217,
            "Y": 0.5982142686843872
          },
          {
            "X": 0.9764368534088135,
            "Y": 0.5982142686843872
          },
          {
            "X": 0.9764368534088135,
            "Y": 0.830379843711853
          },
          {
            "X": 0.7086721062660217,
            "Y": 0.830379843711853
          }
        ]
      },
      "Id": "c8b786f3-2b53-4fcc-a05e-7a61e6e906b5",
      "Relationships": [
        {
          "Type": "CHILD",
          "Ids": [
            "4cadcb13-69be-4b26-9448-1083923aac61"
          ]
        }
      ],
      "Page": 1,
      "childText": "- ",
      "SearchKey": "- "
    }
  ],
  "AnalyzeDocumentModelVersion": "1.0"
}