{
  "DocumentMetadata": {
    "Pages": 1
  },
  "Blocks": [
    {
      "BlockType": "PAGE",
      "Geometry": {
        "BoundingBox": {
          "Width": 0.9992784857749939,
          "Height": 0.9925373196601868,
          "Left": 0,
          "Top": 0
        },
        "Polygon": [
          {
            "X": 0,
            "Y": 0
          },
          {
            "X": 0.9992784857749939,
            "Y": 0
          },
          {
            "X": 0.9992784857749939,
            "Y": 0.9925373196601868
          },
          {
            "X": 0,
            "Y": 0.9925373196601868
          }
        ]
      },
      "Id": "eae6fa94-372a-46df-a9a2-814259de191b",
      "Relationships": [
        {
          "Type": "CHILD",
          "Ids": [
            "413a1482-c09e-4daa-beac-54e65cc6cce0",
            "7d9111f1-3086-46c8-a3f3-651696e3fc13",
            "3d01c4ee-6eac-4e63-bfa8-4062d6fba806",
            "03280cec-0566-4399-8742-db9dc8169cdc",
            "7895e1ef-5d58-4030-ac16-4d1cfe307bfc",
            "9ed1fafe-5269-458a-90a6-63e0564c050e",
            "5e1be7b2-6af5-4b21-9e41-f2e140b8b157",
            "1766c846-0973-4418-b3dd-9554f63eb2d2",
            "6406f9bf-6cd4-4dfb-85f5-9e5cf7c2b3e2"
          ]
        }
      ]
    },
    {
      "BlockType": "LINE",
      "Confidence": 99.93759155273438,
      "Text": "227",
      "Geometry": {
        "BoundingBox": {
          "Width": 0.03971163183450699,
          "Height": 0.21208494901657104,
          "Left": 0.011463122442364693,
          "Top": 0.09317879378795624
        },
        "Polygon": [
          {
            "X": 0.011463122442364693,
            "Y": 0.09317879378795624
          },
          {
            "X": 0.05117475241422653,
            "Y": 0.09317879378795624
          },
          {
            "X": 0.05117475241422653,
            "Y": 0.3052637577056885
          },
          {
            "X": 0.011463122442364693,
            "Y": 0.3052637577056885
          }
        ]
      },
      "Id": "413a1482-c09e-4daa-beac-54e65cc6cce0",
      "Relationships": [
        {
          "Type": "CHILD",
          "Ids": [
            "e5800aa2-de6c-451d-a4e2-3b440adcc633"
          ]
        }
      ]
    },
    {
      "BlockType": "LINE",
      "Confidence": 97.73441314697266,
      "Text": "-",
      "Geometry": {
        "BoundingBox": {
          "Width": 0.01003362238407135,
          "Height": 0.0638803243637085,
          "Left": 0.1689961701631546,
          "Top": 0.1902453601360321
        },
        "Polygon": [
          {
            "X": 0.1689961701631546,
            "Y": 0.1902453601360321
          },
          {
            "X": 0.17902979254722595,
            "Y": 0.1902453601360321
          },
          {
            "X": 0.17902979254722595,
            "Y": 0.2541256844997406
          },
          {
            "X": 0.1689961701631546,
            "Y": 0.2541256844997406
          }
        ]
      },
      "Id": "7d9111f1-3086-46c8-a3f3-651696e3fc13",
      "Relationships": [
        {
          "Type": "CHILD",
          "Ids": [
            "ddfefeb0-c7b8-4d23-8476-7b4ae7f55c6e"
          ]
        }
      ]
    },
    {
      "BlockType": "LINE",
      "Confidence": 99.44474029541016,
      "Text": "sig_in_func227",
      "Geometry": {
        "BoundingBox": {
          "Width": 0.14843504130840302,
          "Height": 0.27549389004707336,
          "Left": 0.45547983050346375,
          "Top": 0.08431980758905411
        },
        "Polygon": [
          {
            "X": 0.45547983050346375,
            "Y": 0.08431980758905411
          },
          {
            "X": 0.6039148569107056,
            "Y": 0.08431980758905411
          },
          {
            "X": 0.6039148569107056,
            "Y": 0.3598136901855469
          },
          {
            "X": 0.45547983050346375,
            "Y": 0.3598136901855469
          }
        ]
      },
      "Id": "3d01c4ee-6eac-4e63-bfa8-4062d6fba806",
      "Relationships": [
        {
          "Type": "CHILD",
          "Ids": [
            "e41c4fb4-2caa-4963-a382-bc6484994667"
          ]
        }
      ]
    },
    {
      "BlockType": "LINE",
      "Confidence": 98.08033752441406,
      "Text": "-",
      "Geometry": {
        "BoundingBox": {
          "Width": 0.010219997726380825,
          "Height": 0.06300536543130875,
          "Left": 0.7468340992927551,
          "Top": 0.19067417085170746
        },
        "Polygon": [
          {
            "X": 0.7468340992927551,
            "Y": 0.19067417085170746
          },
          {
            "X": 0.7570540904998779,
            "Y": 0.19067417085170746
          },
          {
            "X": 0.7570540904998779,
            "Y": 0.2536795437335968
          },
          {
            "X": 0.7468340992927551,
            "Y": 0.2536795437335968
          }
        ]
      },
      "Id": "03280cec-0566-4399-8742-db9dc8169cdc",
      "Relationships": [
        {
          "Type": "CHILD",
          "Ids": [
            "ab462919-7b55-4122-99c0-1582ea4d2712"
          ]
        }
      ]
    },
    {
      "BlockType": "LINE",
      "Confidence": 99.86719512939453,
      "Text": "228",
      "Geometry": {
        "BoundingBox": {
          "Width": 0.04056163132190704,
          "Height": 0.2153490036725998,
          "Left": 0.011003361083567142,
          "Top": 0.48804935812950134
        },
        "Polygon": [
          {
            "X": 0.011003361083567142,
            "Y": 0.48804935812950134
          },
          {
            "X": 0.05156499147415161,
            "Y": 0.48804935812950134
          },
          {
            "X": 0.05156499147415161,
            "Y": 0.7033983469009399
          },
          {
            "X": 0.011003361083567142,
            "Y": 0.7033983469009399
          }
        ]
      },
      "Id": "7895e1ef-5d58-4030-ac16-4d1cfe307bfc",
      "Relationships": [
        {
          "Type": "CHILD",
          "Ids": [
            "babf96d1-4986-4243-8365-d3eb088ae876"
          ]
        }
      ]
    },
    {
      "BlockType": "LINE",
      "Confidence": 96.1671142578125,
      "Text": "-",
      "Geometry": {
        "BoundingBox": {
          "Width": 0.009942103177309036,
          "Height": 0.06751462072134018,
          "Left": 0.16902101039886475,
          "Top": 0.5784744620323181
        },
        "Polygon": [
          {
            "X": 0.16902101039886475,
            "Y": 0.5784744620323181
          },
          {
            "X": 0.17896310985088348,
            "Y": 0.5784744620323181
          },
          {
            "X": 0.17896310985088348,
            "Y": 0.6459891200065613
          },
          {
            "X": 0.16902101039886475,
            "Y": 0.6459891200065613
          }
        ]
      },
      "Id": "9ed1fafe-5269-458a-90a6-63e0564c050e",
      "Relationships": [
        {
          "Type": "CHILD",
          "Ids": [
            "cc35f81d-b839-4007-8fac-1f712bd16633"
          ]
        }
      ]
    },
    {
      "BlockType": "LINE",
      "Confidence": 99.3454818725586,
      "Text": "sig_in_func228",
      "Geometry": {
        "BoundingBox": {
          "Width": 0.1513543725013733,
          "Height": 0.2871016263961792,
          "Left": 0.45297524333000183,
          "Top": 0.4710806608200073
        },
        "Polygon": [
          {
            "X": 0.45297524333000183,
            "Y": 0.4710806608200073
          },
          {
            "X": 0.6043295860290527,
            "Y": 0.4710806608200073
          },
          {
            "X": 0.6043295860290527,
            "Y": 0.7581822872161865
          },
          {
            "X": 0.45297524333000183,
            "Y": 0.7581822872161865
          }
        ]
      },
      "Id": "5e1be7b2-6af5-4b21-9e41-f2e140b8b157",
      "Relationships": [
        {
          "Type": "CHILD",
          "Ids": [
            "66d3f9ff-ed21-461a-a751-21b76851cdb1"
          ]
        }
      ]
    },
    {
      "BlockType": "LINE",
      "Confidence": 95.10649871826172,
      "Text": "-",
      "Geometry": {
        "BoundingBox": {
          "Width": 0.01041922066360712,
          "Height": 0.06673289090394974,
          "Left": 0.7467431426048279,
          "Top": 0.5792457461357117
        },
        "Polygon": [
          {
            "X": 0.7467431426048279,
            "Y": 0.5792457461357117
          },
          {
            "X": 0.75716233253479,
            "Y": 0.5792457461357117
          },
          {
            "X": 0.75716233253479,
            "Y": 0.6459786295890808
          },
          {
            "X": 0.7467431426048279,
            "Y": 0.6459786295890808
          }
        ]
      },
      "Id": "1766c846-0973-4418-b3dd-9554f63eb2d2",
      "Relationships": [
        {
          "Type": "CHILD",
          "Ids": [
            "7a0632a5-6ea9-4a9a-82dc-76c8a3002e1e"
          ]
        }
      ]
    },
    {
      "BlockType": "WORD",
      "Confidence": 99.93759155273438,
      "Text": "227",
      "TextType": "PRINTED",
      "Geometry": {
        "BoundingBox": {
          "Width": 0.03971163183450699,
          "Height": 0.21208494901657104,
          "Left": 0.011463122442364693,
          "Top": 0.09317879378795624
        },
        "Polygon": [
          {
            "X": 0.011463122442364693,
            "Y": 0.09317879378795624
          },
          {
            "X": 0.05117475241422653,
            "Y": 0.09317879378795624
          },
          {
            "X": 0.05117475241422653,
            "Y": 0.3052637577056885
          },
          {
            "X": 0.011463122442364693,
            "Y": 0.3052637577056885
          }
        ]
      },
      "Id": "e5800aa2-de6c-451d-a4e2-3b440adcc633"
    },
    {
      "BlockType": "WORD",
      "Confidence": 97.73441314697266,
      "Text": "-",
      "TextType": "PRINTED",
      "Geometry": {
        "BoundingBox": {
          "Width": 0.01003362238407135,
          "Height": 0.0638803243637085,
          "Left": 0.1689961701631546,
          "Top": 0.1902453601360321
        },
        "Polygon": [
          {
            "X": 0.1689961701631546,
            "Y": 0.1902453601360321
          },
          {
            "X": 0.17902979254722595,
            "Y": 0.1902453601360321
          },
          {
            "X": 0.17902979254722595,
            "Y": 0.2541256844997406
          },
          {
            "X": 0.1689961701631546,
            "Y": 0.2541256844997406
          }
        ]
      },
      "Id": "ddfefeb0-c7b8-4d23-8476-7b4ae7f55c6e"
    },
    {
      "BlockType": "WORD",
      "Confidence": 99.44474029541016,
      "Text": "sig_in_func227",
      "TextType": "PRINTED",
      "Geometry": {
        "BoundingBox": {
          "Width": 0.14843504130840302,
          "Height": 0.27549389004707336,
          "Left": 0.45547983050346375,
          "Top": 0.08431980758905411
        },
        "Polygon": [
          {
            "X": 0.45547983050346375,
            "Y": 0.08431980758905411
          },
          {
            "X": 0.6039148569107056,
            "Y": 0.08431980758905411
          },
          {
            "X": 0.6039148569107056,
            "Y": 0.3598136901855469
          },
          {
            "X": 0.45547983050346375,
            "Y": 0.3598136901855469
          }
        ]
      },
      "Id": "e41c4fb4-2caa-4963-a382-bc6484994667"
    },
    {
      "BlockType": "WORD",
      "Confidence": 98.08033752441406,
      "Text": "-",
      "TextType": "PRINTED",
      "Geometry": {
        "BoundingBox": {
          "Width": 0.010219997726380825,
          "Height": 0.06300536543130875,
          "Left": 0.7468340992927551,
          "Top": 0.19067417085170746
        },
        "Polygon": [
          {
            "X": 0.7468340992927551,
            "Y": 0.19067417085170746
          },
          {
            "X": 0.7570540904998779,
            "Y": 0.19067417085170746
          },
          {
            "X": 0.7570540904998779,
            "Y": 0.2536795437335968
          },
          {
            "X": 0.7468340992927551,
            "Y": 0.2536795437335968
          }
        ]
      },
      "Id": "ab462919-7b55-4122-99c0-1582ea4d2712"
    },
    {
      "BlockType": "WORD",
      "Confidence": 99.86719512939453,
      "Text": "228",
      "TextType": "PRINTED",
      "Geometry": {
        "BoundingBox": {
          "Width": 0.04056163132190704,
          "Height": 0.2153490036725998,
          "Left": 0.011003361083567142,
          "Top": 0.48804935812950134
        },
        "Polygon": [
          {
            "X": 0.011003361083567142,
            "Y": 0.48804935812950134
          },
          {
            "X": 0.05156499147415161,
            "Y": 0.48804935812950134
          },
          {
            "X": 0.05156499147415161,
            "Y": 0.7033983469009399
          },
          {
            "X": 0.011003361083567142,
            "Y": 0.7033983469009399
          }
        ]
      },
      "Id": "babf96d1-4986-4243-8365-d3eb088ae876"
    },
    {
      "BlockType": "WORD",
      "Confidence": 96.1671142578125,
      "Text": "-",
      "TextType": "PRINTED",
      "Geometry": {
        "BoundingBox": {
          "Width": 0.009942103177309036,
          "Height": 0.06751462072134018,
          "Left": 0.16902101039886475,
          "Top": 0.5784744620323181
        },
        "Polygon": [
          {
            "X": 0.16902101039886475,
            "Y": 0.5784744620323181
          },
          {
            "X": 0.17896310985088348,
            "Y": 0.5784744620323181
          },
          {
            "X": 0.17896310985088348,
            "Y": 0.6459891200065613
          },
          {
            "X": 0.16902101039886475,
            "Y": 0.6459891200065613
          }
        ]
      },
      "Id": "cc35f81d-b839-4007-8fac-1f712bd16633"
    },
    {
      "BlockType": "WORD",
      "Confidence": 99.3454818725586,
      "Text": "sig_in_func228",
      "TextType": "PRINTED",
      "Geometry": {
        "BoundingBox": {
          "Width": 0.1513543725013733,
          "Height": 0.2871016263961792,
          "Left": 0.45297524333000183,
          "Top": 0.4710806608200073
        },
        "Polygon": [
          {
            "X": 0.45297524333000183,
            "Y": 0.4710806608200073
          },
          {
            "X": 0.6043295860290527,
            "Y": 0.4710806608200073
          },
          {
            "X": 0.6043295860290527,
            "Y": 0.7581822872161865
          },
          {
            "X": 0.45297524333000183,
            "Y": 0.7581822872161865
          }
        ]
      },
      "Id": "66d3f9ff-ed21-461a-a751-21b76851cdb1"
    },
    {
      "BlockType": "WORD",
      "Confidence": 95.10649871826172,
      "Text": "-",
      "TextType": "PRINTED",
      "Geometry": {
        "BoundingBox": {
          "Width": 0.01041922066360712,
          "Height": 0.06673289090394974,
          "Left": 0.7467431426048279,
          "Top": 0.5792457461357117
        },
        "Polygon": [
          {
            "X": 0.7467431426048279,
            "Y": 0.5792457461357117
          },
          {
            "X": 0.75716233253479,
            "Y": 0.5792457461357117
          },
          {
            "X": 0.75716233253479,
            "Y": 0.6459786295890808
          },
          {
            "X": 0.7467431426048279,
            "Y": 0.6459786295890808
          }
        ]
      },
      "Id": "7a0632a5-6ea9-4a9a-82dc-76c8a3002e1e"
    },
    {
      "BlockType": "TABLE",
      "Confidence": 91.7508316040039,
      "Geometry": {
        "BoundingBox": {
          "Width": 0.9992784857749939,
          "Height": 0.7346407771110535,
          "Left": 0,
          "Top": 0.03650300204753876
        },
        "Polygon": [
          {
            "X": 0,
            "Y": 0.03650300204753876
          },
          {
            "X": 0.9992784857749939,
            "Y": 0.03650300204753876
          },
          {
            "X": 0.9992784857749939,
            "Y": 0.7711437940597534
          },
          {
            "X": 0,
            "Y": 0.7711437940597534
          }
        ]
      },
      "Id": "6406f9bf-6cd4-4dfb-85f5-9e5cf7c2b3e2",
      "Relationships": [
        {
          "Type": "CHILD",
          "Ids": [
            "b4bc7ce9-80b8-43a9-8971-7cfb128f5da6",
            "61b112f1-bdfa-4b79-839e-fc83c647aeba",
            "7164dd72-45c4-41e3-8c98-57ba9462ee09",
            "9722caed-4a07-4b07-af9b-dd61ffe48dc2",
            "4cd85ecc-e61d-4190-9a4b-24a6111e3590",
            "2850bd4c-6aa5-4dab-b991-51839f8c0129",
            "8cd27060-1b5d-49b7-8c55-de0d8efeb57d",
            "92b3aa4d-54ce-4235-a69d-b5949eb5a0dd",
            "136d939f-f06f-4ac9-911e-90ae8c1608f1",
            "40b9dd58-107a-4a44-8c55-0a0bc15c23ad",
            "06b057cf-f5d9-47be-9cfe-f7fcd18f5ddd",
            "abdb908a-8f12-4fe6-8b90-ba26a7cd4ef8"
          ]
        }
      ]
    },
    {
      "BlockType": "CELL",
      "Confidence": 45.9826774597168,
      "RowIndex": 1,
      "ColumnIndex": 1,
      "RowSpan": 1,
      "ColumnSpan": 1,
      "Geometry": {
        "BoundingBox": {
          "Width": 0.15367965400218964,
          "Height": 0.09036266803741455,
          "Left": 0,
          "Top": 0.03650300204753876
        },
        "Polygon": [
          {
            "X": 0,
            "Y": 0.03650300204753876
          },
          {
            "X": 0.15367965400218964,
            "Y": 0.03650300204753876
          },
          {
            "X": 0.15367965400218964,
            "Y": 0.1268656700849533
          },
          {
            "X": 0,
            "Y": 0.1268656700849533
          }
        ]
      },
      "Id": "b4bc7ce9-80b8-43a9-8971-7cfb128f5da6"
    },
    {
      "BlockType": "CELL",
      "Confidence": 47.07406997680664,
      "RowIndex": 1,
      "ColumnIndex": 2,
      "RowSpan": 1,
      "ColumnSpan": 1,
      "Geometry": {
        "BoundingBox": {
          "Width": 0.28860029578208923,
          "Height": 0.09036266803741455,
          "Left": 0.15367965400218964,
          "Top": 0.03650300204753876
        },
        "Polygon": [
          {
            "X": 0.15367965400218964,
            "Y": 0.03650300204753876
          },
          {
            "X": 0.4422799348831177,
            "Y": 0.03650300204753876
          },
          {
            "X": 0.4422799348831177,
            "Y": 0.1268656700849533
          },
          {
            "X": 0.15367965400218964,
            "Y": 0.1268656700849533
          }
        ]
      },
      "Id": "61b112f1-bdfa-4b79-839e-fc83c647aeba"
    },
    {
      "BlockType": "CELL",
      "Confidence": 45.69337463378906,
      "RowIndex": 1,
      "ColumnIndex": 3,
      "RowSpan": 1,
      "ColumnSpan": 1,
      "Geometry": {
        "BoundingBox": {
          "Width": 0.29004329442977905,
          "Height": 0.09036266803741455,
          "Left": 0.4422799348831177,
          "Top": 0.03650300204753876
        },
        "Polygon": [
          {
            "X": 0.4422799348831177,
            "Y": 0.03650300204753876
          },
          {
            "X": 0.7323232293128967,
            "Y": 0.03650300204753876
          },
          {
            "X": 0.7323232293128967,
            "Y": 0.1268656700849533
          },
          {
            "X": 0.4422799348831177,
            "Y": 0.1268656700849533
          }
        ]
      },
      "Id": "7164dd72-45c4-41e3-8c98-57ba9462ee09"
    },
    {
      "BlockType": "CELL",
      "Confidence": 46.332584381103516,
      "RowIndex": 1,
      "ColumnIndex": 4,
      "RowSpan": 1,
      "ColumnSpan": 1,
      "Geometry": {
        "BoundingBox": {
          "Width": 0.26695525646209717,
          "Height": 0.09036266803741455,
          "Left": 0.7323232293128967,
          "Top": 0.03650300204753876
        },
        "Polygon": [
          {
            "X": 0.7323232293128967,
            "Y": 0.03650300204753876
          },
          {
            "X": 0.9992784857749939,
            "Y": 0.03650300204753876
          },
          {
            "X": 0.9992784857749939,
            "Y": 0.1268656700849533
          },
          {
            "X": 0.7323232293128967,
            "Y": 0.1268656700849533
          }
        ]
      },
      "Id": "9722caed-4a07-4b07-af9b-dd61ffe48dc2"
    },
    {
      "BlockType": "CELL",
      "Confidence": 86.57933044433594,
      "RowIndex": 2,
      "ColumnIndex": 1,
      "RowSpan": 1,
      "ColumnSpan": 1,
      "Geometry": {
        "BoundingBox": {
          "Width": 0.15367965400218964,
          "Height": 0.28358209133148193,
          "Left": 0,
          "Top": 0.1268656700849533
        },
        "Polygon": [
          {
            "X": 0,
            "Y": 0.1268656700849533
          },
          {
            "X": 0.15367965400218964,
            "Y": 0.1268656700849533
          },
          {
            "X": 0.15367965400218964,
            "Y": 0.41044774651527405
          },
          {
            "X": 0,
            "Y": 0.41044774651527405
          }
        ]
      },
      "Id": "4cd85ecc-e61d-4190-9a4b-24a6111e3590",
      "Relationships": [
        {
          "Type": "CHILD",
          "Ids": [
            "e5800aa2-de6c-451d-a4e2-3b440adcc633"
          ]
        }
      ]
    },
    {
      "BlockType": "CELL",
      "Confidence": 88.63428497314453,
      "RowIndex": 2,
      "ColumnIndex": 2,
      "RowSpan": 1,
      "ColumnSpan": 1,
      "Geometry": {
        "BoundingBox": {
          "Width": 0.28860029578208923,
          "Height": 0.28358209133148193,
          "Left": 0.15367965400218964,
          "Top": 0.1268656700849533
        },
        "Polygon": [
          {
            "X": 0.15367965400218964,
            "Y": 0.1268656700849533
          },
          {
            "X": 0.4422799348831177,
            "Y": 0.1268656700849533
          },
          {
            "X": 0.4422799348831177,
            "Y": 0.41044774651527405
          },
          {
            "X": 0.15367965400218964,
            "Y": 0.41044774651527405
          }
        ]
      },
      "Id": "2850bd4c-6aa5-4dab-b991-51839f8c0129",
      "Relationships": [
        {
          "Type": "CHILD",
          "Ids": [
            "ddfefeb0-c7b8-4d23-8476-7b4ae7f55c6e"
          ]
        }
      ]
    },
    {
      "BlockType": "CELL",
      "Confidence": 86.03460693359375,
      "RowIndex": 2,
      "ColumnIndex": 3,
      "RowSpan": 1,
      "ColumnSpan": 1,
      "Geometry": {
        "BoundingBox": {
          "Width": 0.29004329442977905,
          "Height": 0.28358209133148193,
          "Left": 0.4422799348831177,
          "Top": 0.1268656700849533
        },
        "Polygon": [
          {
            "X": 0.4422799348831177,
            "Y": 0.1268656700849533
          },
          {
            "X": 0.7323232293128967,
            "Y": 0.1268656700849533
          },
          {
            "X": 0.7323232293128967,
            "Y": 0.41044774651527405
          },
          {
            "X": 0.4422799348831177,
            "Y": 0.41044774651527405
          }
        ]
      },
      "Id": "8cd27060-1b5d-49b7-8c55-de0d8efeb57d",
      "Relationships": [
        {
          "Type": "CHILD",
          "Ids": [
            "e41c4fb4-2caa-4963-a382-bc6484994667"
          ]
        }
      ]
    },
    {
      "BlockType": "CELL",
      "Confidence": 87.2381591796875,
      "RowIndex": 2,
      "ColumnIndex": 4,
      "RowSpan": 1,
      "ColumnSpan": 1,
      "Geometry": {
        "BoundingBox": {
          "Width": 0.26695525646209717,
          "Height": 0.28358209133148193,
          "Left": 0.7323232293128967,
          "Top": 0.1268656700849533
        },
        "Polygon": [
          {
            "X": 0.7323232293128967,
            "Y": 0.1268656700849533
          },
          {
            "X": 0.9992784857749939,
            "Y": 0.1268656700849533
          },
          {
            "X": 0.9992784857749939,
            "Y": 0.41044774651527405
          },
          {
            "X": 0.7323232293128967,
            "Y": 0.41044774651527405
          }
        ]
      },
      "Id": "92b3aa4d-54ce-4235-a69d-b5949eb5a0dd",
      "Relationships": [
        {
          "Type": "CHILD",
          "Ids": [
            "ab462919-7b55-4122-99c0-1582ea4d2712"
          ]
        }
      ]
    },
    {
      "BlockType": "CELL",
      "Confidence": 88.07158660888672,
      "RowIndex": 3,
      "ColumnIndex": 1,
      "RowSpan": 1,
      "ColumnSpan": 1,
      "Geometry": {
        "BoundingBox": {
          "Width": 0.15367965400218964,
          "Height": 0.360696017742157,
          "Left": 0,
          "Top": 0.41044774651527405
        },
        "Polygon": [
          {
            "X": 0,
            "Y": 0.41044774651527405
          },
          {
            "X": 0.15367965400218964,
            "Y": 0.41044774651527405
          },
          {
            "X": 0.15367965400218964,
            "Y": 0.7711437940597534
          },
          {
            "X": 0,
            "Y": 0.7711437940597534
          }
        ]
      },
      "Id": "136d939f-f06f-4ac9-911e-90ae8c1608f1",
      "Relationships": [
        {
          "Type": "CHILD",
          "Ids": [
            "babf96d1-4986-4243-8365-d3eb088ae876"
          ]
        }
      ]
    },
    {
      "BlockType": "CELL",
      "Confidence": 90.16195678710938,
      "RowIndex": 3,
      "ColumnIndex": 2,
      "RowSpan": 1,
      "ColumnSpan": 1,
      "Geometry": {
        "BoundingBox": {
          "Width": 0.28860029578208923,
          "Height": 0.360696017742157,
          "Left": 0.15367965400218964,
          "Top": 0.41044774651527405
        },
        "Polygon": [
          {
            "X": 0.15367965400218964,
            "Y": 0.41044774651527405
          },
          {
            "X": 0.4422799348831177,
            "Y": 0.41044774651527405
          },
          {
            "X": 0.4422799348831177,
            "Y": 0.7711437940597534
          },
          {
            "X": 0.15367965400218964,
            "Y": 0.7711437940597534
          }
        ]
      },
      "Id": "40b9dd58-107a-4a44-8c55-0a0bc15c23ad",
      "Relationships": [
        {
          "Type": "CHILD",
          "Ids": [
            "cc35f81d-b839-4007-8fac-1f712bd16633"
          ]
        }
      ]
    },
    {
      "BlockType": "CELL",
      "Confidence": 87.5174789428711,
      "RowIndex": 3,
      "ColumnIndex": 3,
      "RowSpan": 1,
      "ColumnSpan": 1,
      "Geometry": {
        "BoundingBox": {
          "Width": 0.29004329442977905,
          "Height": 0.360696017742157,
          "Left": 0.4422799348831177,
          "Top": 0.41044774651527405
        },
        "Polygon": [
          {
            "X": 0.4422799348831177,
            "Y": 0.41044774651527405
          },
          {
            "X": 0.7323232293128967,
            "Y": 0.41044774651527405
          },
          {
            "X": 0.7323232293128967,
            "Y": 0.7711437940597534
          },
          {
            "X": 0.4422799348831177,
            "Y": 0.7711437940597534
          }
        ]
      },
      "Id": "06b057cf-f5d9-47be-9cfe-f7fcd18f5ddd",
      "Relationships": [
        {
          "Type": "CHILD",
          "Ids": [
            "66d3f9ff-ed21-461a-a751-21b76851cdb1"
          ]
        }
      ]
    },
    {
      "BlockType": "CELL",
      "Confidence": 88.74177551269531,
      "RowIndex": 3,
      "ColumnIndex": 4,
      "RowSpan": 1,
      "ColumnSpan": 1,
      "Geometry": {
        "BoundingBox": {
          "Width": 0.26695525646209717,
          "Height": 0.360696017742157,
          "Left": 0.7323232293128967,
          "Top": 0.41044774651527405
        },
        "Polygon": [
          {
            "X": 0.7323232293128967,
            "Y": 0.41044774651527405
          },
          {
            "X": 0.9992784857749939,
            "Y": 0.41044774651527405
          },
          {
            "X": 0.9992784857749939,
            "Y": 0.7711437940597534
          },
          {
            "X": 0.7323232293128967,
            "Y": 0.7711437940597534
          }
        ]
      },
      "Id": "abdb908a-8f12-4fe6-8b90-ba26a7cd4ef8",
      "Relationships": [
        {
          "Type": "CHILD",
          "Ids": [
            "7a0632a5-6ea9-4a9a-82dc-76c8a3002e1e"
          ]
        }
      ]
    }
  ],
  "AnalyzeDocumentModelVersion": "1.0"
}