{
  "DocumentMetadata": {
    "Pages": 1
  },
  "Blocks": [
    {
      "BlockType": "PAGE",
      "Geometry": {
        "BoundingBox": {
          "Width": 0.999372661113739,
          "Height": 1,
          "Left": 0,
          "Top": 0
        },
        "Polygon": [
          {
            "X": 0,
            "Y": 0
          },
          {
            "X": 0.999372661113739,
            "Y": 6.421338773684722e-16
          },
          {
            "X": 0.999372661113739,
            "Y": 1
          },
          {
            "X": 0,
            "Y": 1
          }
        ]
      },
      "Id": "23fe1eb5-211e-406b-a319-5ced6846f2ce",
      "Relationships": [
        {
          "Type": "CHILD",
          "Ids": [
            "e784d405-dca8-43ad-a7e5-7757bbc2e832",
            "a9d3d7af-0407-423a-bb5e-308cbb76cc4b",
            "eaded174-dfe7-40c0-8510-1b0fefd7f4bb",
            "83cd7f63-4ff2-4e62-a7f8-85172518ed80",
            "9d379f6e-4647-4bba-9c40-6faac5cefc24",
            "0a69240c-9a3d-48d7-abd9-f6c020669d87",
            "ac09c212-eca8-4645-91e1-de9f2c8e1f95",
            "c6ad087b-d469-45d7-b552-6f15e61dd539",
            "5dba0b97-8724-46d5-a73a-a2742d4264a3",
            "b16960f6-d67e-4aad-b8be-fb48eedcbcee",
            "0c804886-95d6-41c5-974e-f7845d356a66",
            "f18499e6-d92b-4791-bab6-4f3ad34c83c2",
            "a9617223-ee05-4db2-a958-1f25a927b95f",
            "c0b0c0f0-4d09-403e-ac79-e8f978e1ccfd",
            "2e38025e-e4de-4bec-80a3-a0099970932f",
            "db8c5bb1-feba-4ba8-870f-d55cfa249143",
            "06beda2c-8c35-4ed1-b3ac-c06318567221",
            "1541bc6b-2ce5-4750-840a-89f3847a1863",
            "5384e734-e9a8-4656-892e-cd4c3676b0bc",
            "1c8c7347-52c4-4768-8da7-c7dd23417392",
            "84c471bc-0780-4779-8dbe-be76e3816b49",
            "e5d7bccc-9ea8-4ad7-965c-007c2a74ad0b",
            "74299643-7cdb-49ba-913a-8baa89cb4bbf",
            "64fc8ecf-af37-49ed-a768-dbb8aefe4287",
            "646a8dcf-d443-44b1-9338-74c61c9c822a"
          ]
        }
      ]
    },
    {
      "BlockType": "LINE",
      "Confidence": 97.29378509521484,
      "Text": "RTCIO_HALL_SENS_REG",
      "Geometry": {
        "BoundingBox": {
          "Width": 0.22346043586730957,
          "Height": 0.11112892627716064,
          "Left": 0.017622068524360657,
          "Top": 0.04559972137212753
        },
        "Polygon": [
          {
            "X": 0.017622068524360657,
            "Y": 0.04559972137212753
          },
          {
            "X": 0.24108250439167023,
            "Y": 0.04559972137212753
          },
          {
            "X": 0.24108250439167023,
            "Y": 0.15672864019870758
          },
          {
            "X": 0.017622068524360657,
            "Y": 0.15672864019870758
          }
        ]
      },
      "Id": "e784d405-dca8-43ad-a7e5-7757bbc2e832",
      "Relationships": [
        {
          "Type": "CHILD",
          "Ids": [
            "2a39a65f-e8bc-4261-8843-3f3f0287c5fc"
          ]
        }
      ]
    },
    {
      "BlockType": "LINE",
      "Confidence": 99.81021881103516,
      "Text": "Hall sensor configuration",
      "Geometry": {
        "BoundingBox": {
          "Width": 0.21075822412967682,
          "Height": 0.1117437481880188,
          "Left": 0.38741108775138855,
          "Top": 0.04926234856247902
        },
        "Polygon": [
          {
            "X": 0.38741108775138855,
            "Y": 0.04926234856247902
          },
          {
            "X": 0.5981693267822266,
            "Y": 0.04926234856247902
          },
          {
            "X": 0.5981693267822266,
            "Y": 0.16100609302520752
          },
          {
            "X": 0.38741108775138855,
            "Y": 0.16100609302520752
          }
        ]
      },
      "Id": "a9d3d7af-0407-423a-bb5e-308cbb76cc4b",
      "Relationships": [
        {
          "Type": "CHILD",
          "Ids": [
            "7547f850-858c-4238-866d-57c7a65ad9e6",
            "a72b0143-8a91-4685-9d19-9bd02f3d360e",
            "12350fe8-ebe0-4b69-96cb-5773c709bd4e"
          ]
        }
      ]
    },
    {
      "BlockType": "LINE",
      "Confidence": 55.756526947021484,
      "Text": "0x3FF48478",
      "Geometry": {
        "BoundingBox": {
          "Width": 0.11069924384355545,
          "Height": 0.09331288188695908,
          "Left": 0.7914082407951355,
          "Top": 0.04914149269461632
        },
        "Polygon": [
          {
            "X": 0.7914082407951355,
            "Y": 0.04914149269461632
          },
          {
            "X": 0.9021074771881104,
            "Y": 0.04914149269461632
          },
          {
            "X": 0.9021074771881104,
            "Y": 0.1424543708562851
          },
          {
            "X": 0.7914082407951355,
            "Y": 0.1424543708562851
          }
        ]
      },
      "Id": "eaded174-dfe7-40c0-8510-1b0fefd7f4bb",
      "Relationships": [
        {
          "Type": "CHILD",
          "Ids": [
            "a0c304e8-57b8-44f6-a1a2-0d3f2bf4df86"
          ]
        }
      ]
    },
    {
      "BlockType": "LINE",
      "Confidence": 99.38395690917969,
      "Text": "R/W",
      "Geometry": {
        "BoundingBox": {
          "Width": 0.04020455479621887,
          "Height": 0.09172520786523819,
          "Left": 0.9233285784721375,
          "Top": 0.048707980662584305
        },
        "Polygon": [
          {
            "X": 0.9233285784721375,
            "Y": 0.048707980662584305
          },
          {
            "X": 0.9635331630706787,
            "Y": 0.048707980662584305
          },
          {
            "X": 0.9635331630706787,
            "Y": 0.1404331922531128
          },
          {
            "X": 0.9233285784721375,
            "Y": 0.1404331922531128
          }
        ]
      },
      "Id": "83cd7f63-4ff2-4e62-a7f8-85172518ed80",
      "Relationships": [
        {
          "Type": "CHILD",
          "Ids": [
            "ed143ae2-b9ce-47c4-946b-fd774e38568b"
          ]
        }
      ]
    },
    {
      "BlockType": "LINE",
      "Confidence": 97.22789001464844,
      "Text": "RTCIO_SENSOR_PADS_REG",
      "Geometry": {
        "BoundingBox": {
          "Width": 0.2518516480922699,
          "Height": 0.11439820379018784,
          "Left": 0.015448959544301033,
          "Top": 0.21037834882736206
        },
        "Polygon": [
          {
            "X": 0.015448959544301033,
            "Y": 0.21037834882736206
          },
          {
            "X": 0.2673006057739258,
            "Y": 0.21037834882736206
          },
          {
            "X": 0.2673006057739258,
            "Y": 0.3247765600681305
          },
          {
            "X": 0.015448959544301033,
            "Y": 0.3247765600681305
          }
        ]
      },
      "Id": "9d379f6e-4647-4bba-9c40-6faac5cefc24",
      "Relationships": [
        {
          "Type": "CHILD",
          "Ids": [
            "aaca008e-90c7-4ff6-ae3a-385bbe4364e6"
          ]
        }
      ]
    },
    {
      "BlockType": "LINE",
      "Confidence": 99.61573791503906,
      "Text": "Sensor pads configuration register",
      "Geometry": {
        "BoundingBox": {
          "Width": 0.29254135489463806,
          "Height": 0.11493823677301407,
          "Left": 0.3873819410800934,
          "Top": 0.21239827573299408
        },
        "Polygon": [
          {
            "X": 0.3873819410800934,
            "Y": 0.21239827573299408
          },
          {
            "X": 0.6799232959747314,
            "Y": 0.21239827573299408
          },
          {
            "X": 0.6799232959747314,
            "Y": 0.32733651995658875
          },
          {
            "X": 0.3873819410800934,
            "Y": 0.32733651995658875
          }
        ]
      },
      "Id": "0a69240c-9a3d-48d7-abd9-f6c020669d87",
      "Relationships": [
        {
          "Type": "CHILD",
          "Ids": [
            "16f57a7a-93d0-4768-9bd0-5db14cb1cfb6",
            "4710369c-bf43-4aaf-9a38-4f13a58a4a67",
            "2a9d090e-d202-4108-9212-d92390ab89b3",
            "12ade436-616c-48b5-a8b7-b2c9944a7239"
          ]
        }
      ]
    },
    {
      "BlockType": "LINE",
      "Confidence": 86.51010131835938,
      "Text": "0x3FF4847C",
      "Geometry": {
        "BoundingBox": {
          "Width": 0.11286763846874237,
          "Height": 0.09317523241043091,
          "Left": 0.7918373346328735,
          "Top": 0.213272824883461
        },
        "Polygon": [
          {
            "X": 0.7918373346328735,
            "Y": 0.213272824883461
          },
          {
            "X": 0.9047049880027771,
            "Y": 0.213272824883461
          },
          {
            "X": 0.9047049880027771,
            "Y": 0.3064480721950531
          },
          {
            "X": 0.7918373346328735,
            "Y": 0.3064480721950531
          }
        ]
      },
      "Id": "ac09c212-eca8-4645-91e1-de9f2c8e1f95",
      "Relationships": [
        {
          "Type": "CHILD",
          "Ids": [
            "ef816974-ff2e-4167-bac5-54679fe53954"
          ]
        }
      ]
    },
    {
      "BlockType": "LINE",
      "Confidence": 99.57585144042969,
      "Text": "R/W",
      "Geometry": {
        "BoundingBox": {
          "Width": 0.04003860428929329,
          "Height": 0.09160320460796356,
          "Left": 0.9235308170318604,
          "Top": 0.21311433613300323
        },
        "Polygon": [
          {
            "X": 0.9235308170318604,
            "Y": 0.21311433613300323
          },
          {
            "X": 0.9635694622993469,
            "Y": 0.21311433613300323
          },
          {
            "X": 0.9635694622993469,
            "Y": 0.3047175407409668
          },
          {
            "X": 0.9235308170318604,
            "Y": 0.3047175407409668
          }
        ]
      },
      "Id": "c6ad087b-d469-45d7-b552-6f15e61dd539",
      "Relationships": [
        {
          "Type": "CHILD",
          "Ids": [
            "80ce3820-2ace-448a-b01a-a8fb330c5340"
          ]
        }
      ]
    },
    {
      "BlockType": "LINE",
      "Confidence": 95.83087158203125,
      "Text": "RTCIO_ADC_PAD_REG",
      "Geometry": {
        "BoundingBox": {
          "Width": 0.20414479076862335,
          "Height": 0.11385583877563477,
          "Left": 0.016015127301216125,
          "Top": 0.37464070320129395
        },
        "Polygon": [
          {
            "X": 0.016015127301216125,
            "Y": 0.37464070320129395
          },
          {
            "X": 0.22015991806983948,
            "Y": 0.37464070320129395
          },
          {
            "X": 0.22015991806983948,
            "Y": 0.4884965419769287
          },
          {
            "X": 0.016015127301216125,
            "Y": 0.4884965419769287
          }
        ]
      },
      "Id": "5dba0b97-8724-46d5-a73a-a2742d4264a3",
      "Relationships": [
        {
          "Type": "CHILD",
          "Ids": [
            "75440945-1ad5-4aed-ac9e-a6d5bab9cddc"
          ]
        }
      ]
    },
    {
      "BlockType": "LINE",
      "Confidence": 99.83784484863281,
      "Text": "ADC configuration register",
      "Geometry": {
        "BoundingBox": {
          "Width": 0.22543951869010925,
          "Height": 0.11282029747962952,
          "Left": 0.38688114285469055,
          "Top": 0.3772243857383728
        },
        "Polygon": [
          {
            "X": 0.38688114285469055,
            "Y": 0.3772243857383728
          },
          {
            "X": 0.6123206615447998,
            "Y": 0.3772243857383728
          },
          {
            "X": 0.6123206615447998,
            "Y": 0.4900446832180023
          },
          {
            "X": 0.38688114285469055,
            "Y": 0.4900446832180023
          }
        ]
      },
      "Id": "b16960f6-d67e-4aad-b8be-fb48eedcbcee",
      "Relationships": [
        {
          "Type": "CHILD",
          "Ids": [
            "e6ee0fdc-9b7b-4ee0-9aee-d1c7c2b805d6",
            "ee2cc816-acfc-44c9-b590-413fb1a951ae",
            "9add7d6f-dee2-4522-9c0e-843400519f2d"
          ]
        }
      ]
    },
    {
      "BlockType": "LINE",
      "Confidence": 82.38004302978516,
      "Text": "0x3FF48480",
      "Geometry": {
        "BoundingBox": {
          "Width": 0.11034474521875381,
          "Height": 0.09369521588087082,
          "Left": 0.7919910550117493,
          "Top": 0.3779224455356598
        },
        "Polygon": [
          {
            "X": 0.7919910550117493,
            "Y": 0.3779224455356598
          },
          {
            "X": 0.9023357629776001,
            "Y": 0.3779224455356598
          },
          {
            "X": 0.9023357629776001,
            "Y": 0.4716176390647888
          },
          {
            "X": 0.7919910550117493,
            "Y": 0.4716176390647888
          }
        ]
      },
      "Id": "0c804886-95d6-41c5-974e-f7845d356a66",
      "Relationships": [
        {
          "Type": "CHILD",
          "Ids": [
            "606f7d4e-0485-4d87-b408-bd32fd8ee00b"
          ]
        }
      ]
    },
    {
      "BlockType": "LINE",
      "Confidence": 99.49044799804688,
      "Text": "R/W",
      "Geometry": {
        "BoundingBox": {
          "Width": 0.0400717630982399,
          "Height": 0.09199318289756775,
          "Left": 0.9234791994094849,
          "Top": 0.3768836557865143
        },
        "Polygon": [
          {
            "X": 0.9234791994094849,
            "Y": 0.3768836557865143
          },
          {
            "X": 0.9635509848594666,
            "Y": 0.3768836557865143
          },
          {
            "X": 0.9635509848594666,
            "Y": 0.46887683868408203
          },
          {
            "X": 0.9234791994094849,
            "Y": 0.46887683868408203
          }
        ]
      },
      "Id": "f18499e6-d92b-4791-bab6-4f3ad34c83c2",
      "Relationships": [
        {
          "Type": "CHILD",
          "Ids": [
            "64c819e8-8e85-4ccc-87d7-8044fcc5f3f4"
          ]
        }
      ]
    },
    {
      "BlockType": "LINE",
      "Confidence": 76.55223846435547,
      "Text": "RTCIO_PAD_DAC1_REC",
      "Geometry": {
        "BoundingBox": {
          "Width": 0.20635062456130981,
          "Height": 0.11400067061185837,
          "Left": 0.016950303688645363,
          "Top": 0.5389249324798584
        },
        "Polygon": [
          {
            "X": 0.016950303688645363,
            "Y": 0.5389249324798584
          },
          {
            "X": 0.22330093383789062,
            "Y": 0.5389249324798584
          },
          {
            "X": 0.22330093383789062,
            "Y": 0.6529256105422974
          },
          {
            "X": 0.016950303688645363,
            "Y": 0.6529256105422974
          }
        ]
      },
      "Id": "a9617223-ee05-4db2-a958-1f25a927b95f",
      "Relationships": [
        {
          "Type": "CHILD",
          "Ids": [
            "304b0215-f49f-4cc7-ab9a-50a35bcdea24"
          ]
        }
      ]
    },
    {
      "BlockType": "LINE",
      "Confidence": 99.7810287475586,
      "Text": "DAC1 configuration register",
      "Geometry": {
        "BoundingBox": {
          "Width": 0.23622730374336243,
          "Height": 0.11304734647274017,
          "Left": 0.38759976625442505,
          "Top": 0.5406025052070618
        },
        "Polygon": [
          {
            "X": 0.38759976625442505,
            "Y": 0.5406025052070618
          },
          {
            "X": 0.6238270998001099,
            "Y": 0.5406025052070618
          },
          {
            "X": 0.6238270998001099,
            "Y": 0.6536498069763184
          },
          {
            "X": 0.38759976625442505,
            "Y": 0.6536498069763184
          }
        ]
      },
      "Id": "c0b0c0f0-4d09-403e-ac79-e8f978e1ccfd",
      "Relationships": [
        {
          "Type": "CHILD",
          "Ids": [
            "31644616-c694-4a09-9117-ed883baa4570",
            "9158a01e-8e79-431d-81f9-3d5391cc60d4",
            "c7ba9068-08e7-44d7-a197-ffab118a1f98"
          ]
        }
      ]
    },
    {
      "BlockType": "LINE",
      "Confidence": 81.46521759033203,
      "Text": "0x3FF48484",
      "Geometry": {
        "BoundingBox": {
          "Width": 0.11034520715475082,
          "Height": 0.09615426510572433,
          "Left": 0.791925311088562,
          "Top": 0.5395717620849609
        },
        "Polygon": [
          {
            "X": 0.791925311088562,
            "Y": 0.5395717620849609
          },
          {
            "X": 0.9022705554962158,
            "Y": 0.5395717620849609
          },
          {
            "X": 0.9022705554962158,
            "Y": 0.6357260346412659
          },
          {
            "X": 0.791925311088562,
            "Y": 0.6357260346412659
          }
        ]
      },
      "Id": "2e38025e-e4de-4bec-80a3-a0099970932f",
      "Relationships": [
        {
          "Type": "CHILD",
          "Ids": [
            "e557605b-320f-4475-b466-b5d4314fde34"
          ]
        }
      ]
    },
    {
      "BlockType": "LINE",
      "Confidence": 99.52725982666016,
      "Text": "R/W",
      "Geometry": {
        "BoundingBox": {
          "Width": 0.04013042524456978,
          "Height": 0.09209281206130981,
          "Left": 0.9234746098518372,
          "Top": 0.5413941740989685
        },
        "Polygon": [
          {
            "X": 0.9234746098518372,
            "Y": 0.5413941740989685
          },
          {
            "X": 0.9636050462722778,
            "Y": 0.5413941740989685
          },
          {
            "X": 0.9636050462722778,
            "Y": 0.6334869861602783
          },
          {
            "X": 0.9234746098518372,
            "Y": 0.6334869861602783
          }
        ]
      },
      "Id": "db8c5bb1-feba-4ba8-870f-d55cfa249143",
      "Relationships": [
        {
          "Type": "CHILD",
          "Ids": [
            "3c71cc13-8ecb-4e62-8de1-ef6743946d1c"
          ]
        }
      ]
    },
    {
      "BlockType": "LINE",
      "Confidence": 97.38539123535156,
      "Text": "RTCIO_PAD_DAC2_REG",
      "Geometry": {
        "BoundingBox": {
          "Width": 0.21279531717300415,
          "Height": 0.11320390552282333,
          "Left": 0.015889110043644905,
          "Top": 0.7039840817451477
        },
        "Polygon": [
          {
            "X": 0.015889110043644905,
            "Y": 0.7039840817451477
          },
          {
            "X": 0.2286844253540039,
            "Y": 0.7039840817451477
          },
          {
            "X": 0.2286844253540039,
            "Y": 0.817188024520874
          },
          {
            "X": 0.015889110043644905,
            "Y": 0.817188024520874
          }
        ]
      },
      "Id": "06beda2c-8c35-4ed1-b3ac-c06318567221",
      "Relationships": [
        {
          "Type": "CHILD",
          "Ids": [
            "6ed76eb6-d2af-4203-bb36-62f7d3d15f4d"
          ]
        }
      ]
    },
    {
      "BlockType": "LINE",
      "Confidence": 99.70425415039062,
      "Text": "DAC2 configuration register",
      "Geometry": {
        "BoundingBox": {
          "Width": 0.23621222376823425,
          "Height": 0.11540192365646362,
          "Left": 0.38761964440345764,
          "Top": 0.7051030993461609
        },
        "Polygon": [
          {
            "X": 0.38761964440345764,
            "Y": 0.7051030993461609
          },
          {
            "X": 0.6238318681716919,
            "Y": 0.7051030993461609
          },
          {
            "X": 0.6238318681716919,
            "Y": 0.8205049633979797
          },
          {
            "X": 0.38761964440345764,
            "Y": 0.8205049633979797
          }
        ]
      },
      "Id": "1541bc6b-2ce5-4750-840a-89f3847a1863",
      "Relationships": [
        {
          "Type": "CHILD",
          "Ids": [
            "991882f1-7c5a-4803-bf9d-3b67065a55ae",
            "2d827abb-de46-48d0-ab80-27c6be5d3ab7",
            "7f9f5cb2-65c9-41f5-9983-eb4fb503ee97"
          ]
        }
      ]
    },
    {
      "BlockType": "LINE",
      "Confidence": 79.70140838623047,
      "Text": "0x3FF48488",
      "Geometry": {
        "BoundingBox": {
          "Width": 0.10962756723165512,
          "Height": 0.09308864921331406,
          "Left": 0.791987955570221,
          "Top": 0.7072434425354004
        },
        "Polygon": [
          {
            "X": 0.791987955570221,
            "Y": 0.7072434425354004
          },
          {
            "X": 0.901615560054779,
            "Y": 0.7072434425354004
          },
          {
            "X": 0.901615560054779,
            "Y": 0.8003321290016174
          },
          {
            "X": 0.791987955570221,
            "Y": 0.8003321290016174
          }
        ]
      },
      "Id": "5384e734-e9a8-4656-892e-cd4c3676b0bc",
      "Relationships": [
        {
          "Type": "CHILD",
          "Ids": [
            "bf58a5a5-0ba1-4ee4-bbdb-5054f7891e96"
          ]
        }
      ]
    },
    {
      "BlockType": "LINE",
      "Confidence": 99.53677368164062,
      "Text": "R/W",
      "Geometry": {
        "BoundingBox": {
          "Width": 0.039937593042850494,
          "Height": 0.09105405956506729,
          "Left": 0.9235468506813049,
          "Top": 0.7062241435050964
        },
        "Polygon": [
          {
            "X": 0.9235468506813049,
            "Y": 0.7062241435050964
          },
          {
            "X": 0.9634844064712524,
            "Y": 0.7062241435050964
          },
          {
            "X": 0.9634844064712524,
            "Y": 0.7972782254219055
          },
          {
            "X": 0.9235468506813049,
            "Y": 0.7972782254219055
          }
        ]
      },
      "Id": "1c8c7347-52c4-4768-8da7-c7dd23417392",
      "Relationships": [
        {
          "Type": "CHILD",
          "Ids": [
            "2459ba43-abf1-4597-9d66-ad5b50f07caa"
          ]
        }
      ]
    },
    {
      "BlockType": "LINE",
      "Confidence": 89.6302490234375,
      "Text": "RTCIO_XTAL_32K_PAD_REG",
      "Geometry": {
        "BoundingBox": {
          "Width": 0.2574159502983093,
          "Height": 0.11371753364801407,
          "Left": 0.011069687083363533,
          "Top": 0.8669851422309875
        },
        "Polygon": [
          {
            "X": 0.011069687083363533,
            "Y": 0.8669851422309875
          },
          {
            "X": 0.2684856355190277,
            "Y": 0.8669851422309875
          },
          {
            "X": 0.2684856355190277,
            "Y": 0.9807026386260986
          },
          {
            "X": 0.011069687083363533,
            "Y": 0.9807026386260986
          }
        ]
      },
      "Id": "84c471bc-0780-4779-8dbe-be76e3816b49",
      "Relationships": [
        {
          "Type": "CHILD",
          "Ids": [
            "f5e8540b-d30c-4c54-93e1-ff4defaea5c1"
          ]
        }
      ]
    },
    {
      "BlockType": "LINE",
      "Confidence": 99.20027160644531,
      "Text": "32KHz crystal pads configuration register",
      "Geometry": {
        "BoundingBox": {
          "Width": 0.3515169322490692,
          "Height": 0.11478684842586517,
          "Left": 0.3867957890033722,
          "Top": 0.8692771792411804
        },
        "Polygon": [
          {
            "X": 0.3867957890033722,
            "Y": 0.8692771792411804
          },
          {
            "X": 0.7383127212524414,
            "Y": 0.8692771792411804
          },
          {
            "X": 0.7383127212524414,
            "Y": 0.984063982963562
          },
          {
            "X": 0.3867957890033722,
            "Y": 0.984063982963562
          }
        ]
      },
      "Id": "e5d7bccc-9ea8-4ad7-965c-007c2a74ad0b",
      "Relationships": [
        {
          "Type": "CHILD",
          "Ids": [
            "2467f5be-761d-4560-be44-119674c30cf2",
            "9de50d3c-5b7a-4313-b0e1-cf4d13422463",
            "74907c9f-046b-4862-a725-15c72ebfb224",
            "397b5eb1-9469-4f30-b28c-2aebb1e2c8fb",
            "aa8b33c2-7109-4b3e-9e9e-2c0f1f7c8a43"
          ]
        }
      ]
    },
    {
      "BlockType": "LINE",
      "Confidence": 86.0740737915039,
      "Text": "0x3FF4848C",
      "Geometry": {
        "BoundingBox": {
          "Width": 0.11504713445901871,
          "Height": 0.09815969318151474,
          "Left": 0.7911251187324524,
          "Top": 0.8654399514198303
        },
        "Polygon": [
          {
            "X": 0.7911251187324524,
            "Y": 0.8654399514198303
          },
          {
            "X": 0.9061722755432129,
            "Y": 0.8654399514198303
          },
          {
            "X": 0.9061722755432129,
            "Y": 0.963599681854248
          },
          {
            "X": 0.7911251187324524,
            "Y": 0.963599681854248
          }
        ]
      },
      "Id": "74299643-7cdb-49ba-913a-8baa89cb4bbf",
      "Relationships": [
        {
          "Type": "CHILD",
          "Ids": [
            "8497446d-cbdc-48a6-864f-3504629276e8"
          ]
        }
      ]
    },
    {
      "BlockType": "LINE",
      "Confidence": 99.55245208740234,
      "Text": "R/W",
      "Geometry": {
        "BoundingBox": {
          "Width": 0.040145739912986755,
          "Height": 0.09170321375131607,
          "Left": 0.9234933257102966,
          "Top": 0.8700680732727051
        },
        "Polygon": [
          {
            "X": 0.9234933257102966,
            "Y": 0.8700680732727051
          },
          {
            "X": 0.9636390805244446,
            "Y": 0.8700680732727051
          },
          {
            "X": 0.9636390805244446,
            "Y": 0.9617713093757629
          },
          {
            "X": 0.9234933257102966,
            "Y": 0.9617713093757629
          }
        ]
      },
      "Id": "64fc8ecf-af37-49ed-a768-dbb8aefe4287",
      "Relationships": [
        {
          "Type": "CHILD",
          "Ids": [
            "2cc289c2-987d-4251-9b2c-1666793fae73"
          ]
        }
      ]
    },
    {
      "BlockType": "WORD",
      "Confidence": 97.29378509521484,
      "Text": "RTCIO_HALL_SENS_REG",
      "TextType": "PRINTED",
      "Geometry": {
        "BoundingBox": {
          "Width": 0.22346043586730957,
          "Height": 0.11112892627716064,
          "Left": 0.017622068524360657,
          "Top": 0.04559972137212753
        },
        "Polygon": [
          {
            "X": 0.017622068524360657,
            "Y": 0.04559972137212753
          },
          {
            "X": 0.24108250439167023,
            "Y": 0.04559972137212753
          },
          {
            "X": 0.24108250439167023,
            "Y": 0.15672864019870758
          },
          {
            "X": 0.017622068524360657,
            "Y": 0.15672864019870758
          }
        ]
      },
      "Id": "2a39a65f-e8bc-4261-8843-3f3f0287c5fc"
    },
    {
      "BlockType": "WORD",
      "Confidence": 99.8010482788086,
      "Text": "Hall",
      "TextType": "PRINTED",
      "Geometry": {
        "BoundingBox": {
          "Width": 0.0331600084900856,
          "Height": 0.09288455545902252,
          "Left": 0.38741108775138855,
          "Top": 0.04926234856247902
        },
        "Polygon": [
          {
            "X": 0.38741108775138855,
            "Y": 0.04926234856247902
          },
          {
            "X": 0.42057108879089355,
            "Y": 0.04926234856247902
          },
          {
            "X": 0.42057108879089355,
            "Y": 0.14214690029621124
          },
          {
            "X": 0.38741108775138855,
            "Y": 0.14214690029621124
          }
        ]
      },
      "Id": "7547f850-858c-4238-866d-57c7a65ad9e6"
    },
    {
      "BlockType": "WORD",
      "Confidence": 99.7935791015625,
      "Text": "sensor",
      "TextType": "PRINTED",
      "Geometry": {
        "BoundingBox": {
          "Width": 0.0589255765080452,
          "Height": 0.07658316940069199,
          "Left": 0.4242155849933624,
          "Top": 0.06540629267692566
        },
        "Polygon": [
          {
            "X": 0.4242155849933624,
            "Y": 0.06540629267692566
          },
          {
            "X": 0.483141154050827,
            "Y": 0.06540629267692566
          },
          {
            "X": 0.483141154050827,
            "Y": 0.14198945462703705
          },
          {
            "X": 0.4242155849933624,
            "Y": 0.14198945462703705
          }
        ]
      },
      "Id": "a72b0143-8a91-4685-9d19-9bd02f3d360e"
    },
    {
      "BlockType": "WORD",
      "Confidence": 99.8360366821289,
      "Text": "configuration",
      "TextType": "PRINTED",
      "Geometry": {
        "BoundingBox": {
          "Width": 0.11231587082147598,
          "Height": 0.11152113229036331,
          "Left": 0.4858534336090088,
          "Top": 0.049484964460134506
        },
        "Polygon": [
          {
            "X": 0.4858534336090088,
            "Y": 0.049484964460134506
          },
          {
            "X": 0.5981693267822266,
            "Y": 0.049484964460134506
          },
          {
            "X": 0.5981693267822266,
            "Y": 0.16100609302520752
          },
          {
            "X": 0.4858534336090088,
            "Y": 0.16100609302520752
          }
        ]
      },
      "Id": "12350fe8-ebe0-4b69-96cb-5773c709bd4e"
    },
    {
      "BlockType": "WORD",
      "Confidence": 55.756526947021484,
      "Text": "0x3FF48478",
      "TextType": "PRINTED",
      "Geometry": {
        "BoundingBox": {
          "Width": 0.11069924384355545,
          "Height": 0.09331288188695908,
          "Left": 0.7914082407951355,
          "Top": 0.04914149269461632
        },
        "Polygon": [
          {
            "X": 0.7914082407951355,
            "Y": 0.04914149269461632
          },
          {
            "X": 0.9021074771881104,
            "Y": 0.04914149269461632
          },
          {
            "X": 0.9021074771881104,
            "Y": 0.1424543708562851
          },
          {
            "X": 0.7914082407951355,
            "Y": 0.1424543708562851
          }
        ]
      },
      "Id": "a0c304e8-57b8-44f6-a1a2-0d3f2bf4df86"
    },
    {
      "BlockType": "WORD",
      "Confidence": 99.38395690917969,
      "Text": "R/W",
      "TextType": "PRINTED",
      "Geometry": {
        "BoundingBox": {
          "Width": 0.04020455479621887,
          "Height": 0.09172520786523819,
          "Left": 0.9233285784721375,
          "Top": 0.048707980662584305
        },
        "Polygon": [
          {
            "X": 0.9233285784721375,
            "Y": 0.048707980662584305
          },
          {
            "X": 0.9635331630706787,
            "Y": 0.048707980662584305
          },
          {
            "X": 0.9635331630706787,
            "Y": 0.1404331922531128
          },
          {
            "X": 0.9233285784721375,
            "Y": 0.1404331922531128
          }
        ]
      },
      "Id": "ed143ae2-b9ce-47c4-946b-fd774e38568b"
    },
    {
      "BlockType": "WORD",
      "Confidence": 97.22789001464844,
      "Text": "RTCIO_SENSOR_PADS_REG",
      "TextType": "PRINTED",
      "Geometry": {
        "BoundingBox": {
          "Width": 0.2518516480922699,
          "Height": 0.11439820379018784,
          "Left": 0.015448959544301033,
          "Top": 0.21037834882736206
        },
        "Polygon": [
          {
            "X": 0.015448959544301033,
            "Y": 0.21037834882736206
          },
          {
            "X": 0.2673006057739258,
            "Y": 0.21037834882736206
          },
          {
            "X": 0.2673006057739258,
            "Y": 0.3247765600681305
          },
          {
            "X": 0.015448959544301033,
            "Y": 0.3247765600681305
          }
        ]
      },
      "Id": "aaca008e-90c7-4ff6-ae3a-385bbe4364e6"
    },
    {
      "BlockType": "WORD",
      "Confidence": 99.59028625488281,
      "Text": "Sensor",
      "TextType": "PRINTED",
      "Geometry": {
        "BoundingBox": {
          "Width": 0.06248705834150314,
          "Height": 0.09522885084152222,
          "Left": 0.3873819410800934,
          "Top": 0.21239827573299408
        },
        "Polygon": [
          {
            "X": 0.3873819410800934,
            "Y": 0.21239827573299408
          },
          {
            "X": 0.4498690068721771,
            "Y": 0.21239827573299408
          },
          {
            "X": 0.4498690068721771,
            "Y": 0.3076271116733551
          },
          {
            "X": 0.3873819410800934,
            "Y": 0.3076271116733551
          }
        ]
      },
      "Id": "16f57a7a-93d0-4768-9bd0-5db14cb1cfb6"
    },
    {
      "BlockType": "WORD",
      "Confidence": 99.21249389648438,
      "Text": "pads",
      "TextType": "PRINTED",
      "Geometry": {
        "BoundingBox": {
          "Width": 0.04440368711948395,
          "Height": 0.1110711619257927,
          "Left": 0.45246973633766174,
          "Top": 0.21335448324680328
        },
        "Polygon": [
          {
            "X": 0.45246973633766174,
            "Y": 0.21335448324680328
          },
          {
            "X": 0.4968734085559845,
            "Y": 0.21335448324680328
          },
          {
            "X": 0.4968734085559845,
            "Y": 0.3244256377220154
          },
          {
            "X": 0.45246973633766174,
            "Y": 0.3244256377220154
          }
        ]
      },
      "Id": "4710369c-bf43-4aaf-9a38-4f13a58a4a67"
    },
    {
      "BlockType": "WORD",
      "Confidence": 99.84004211425781,
      "Text": "configuration",
      "TextType": "PRINTED",
      "Geometry": {
        "BoundingBox": {
          "Width": 0.1114586591720581,
          "Height": 0.11435890197753906,
          "Left": 0.5003036856651306,
          "Top": 0.2129776030778885
        },
        "Polygon": [
          {
            "X": 0.5003036856651306,
            "Y": 0.2129776030778885
          },
          {
            "X": 0.6117623448371887,
            "Y": 0.2129776030778885
          },
          {
            "X": 0.6117623448371887,
            "Y": 0.32733651995658875
          },
          {
            "X": 0.5003036856651306,
            "Y": 0.32733651995658875
          }
        ]
      },
      "Id": "2a9d090e-d202-4108-9212-d92390ab89b3"
    },
    {
      "BlockType": "WORD",
      "Confidence": 99.82011413574219,
      "Text": "register",
      "TextType": "PRINTED",
      "Geometry": {
        "BoundingBox": {
          "Width": 0.06524796038866043,
          "Height": 0.1122710332274437,
          "Left": 0.6146753430366516,
          "Top": 0.21302546560764313
        },
        "Polygon": [
          {
            "X": 0.6146753430366516,
            "Y": 0.21302546560764313
          },
          {
            "X": 0.6799232959747314,
            "Y": 0.21302546560764313
          },
          {
            "X": 0.6799232959747314,
            "Y": 0.3252964913845062
          },
          {
            "X": 0.6146753430366516,
            "Y": 0.3252964913845062
          }
        ]
      },
      "Id": "12ade436-616c-48b5-a8b7-b2c9944a7239"
    },
    {
      "BlockType": "WORD",
      "Confidence": 86.51010131835938,
      "Text": "0x3FF4847C",
      "TextType": "PRINTED",
      "Geometry": {
        "BoundingBox": {
          "Width": 0.11286763846874237,
          "Height": 0.09317523241043091,
          "Left": 0.7918373346328735,
          "Top": 0.213272824883461
        },
        "Polygon": [
          {
            "X": 0.7918373346328735,
            "Y": 0.213272824883461
          },
          {
            "X": 0.9047049880027771,
            "Y": 0.213272824883461
          },
          {
            "X": 0.9047049880027771,
            "Y": 0.3064480721950531
          },
          {
            "X": 0.7918373346328735,
            "Y": 0.3064480721950531
          }
        ]
      },
      "Id": "ef816974-ff2e-4167-bac5-54679fe53954"
    },
    {
      "BlockType": "WORD",
      "Confidence": 99.57585144042969,
      "Text": "R/W",
      "TextType": "PRINTED",
      "Geometry": {
        "BoundingBox": {
          "Width": 0.04003860428929329,
          "Height": 0.09160320460796356,
          "Left": 0.9235308170318604,
          "Top": 0.21311433613300323
        },
        "Polygon": [
          {
            "X": 0.9235308170318604,
            "Y": 0.21311433613300323
          },
          {
            "X": 0.9635694622993469,
            "Y": 0.21311433613300323
          },
          {
            "X": 0.9635694622993469,
            "Y": 0.3047175407409668
          },
          {
            "X": 0.9235308170318604,
            "Y": 0.3047175407409668
          }
        ]
      },
      "Id": "80ce3820-2ace-448a-b01a-a8fb330c5340"
    },
    {
      "BlockType": "WORD",
      "Confidence": 95.83087158203125,
      "Text": "RTCIO_ADC_PAD_REG",
      "TextType": "PRINTED",
      "Geometry": {
        "BoundingBox": {
          "Width": 0.20414479076862335,
          "Height": 0.11385583877563477,
          "Left": 0.016015127301216125,
          "Top": 0.37464070320129395
        },
        "Polygon": [
          {
            "X": 0.016015127301216125,
            "Y": 0.37464070320129395
          },
          {
            "X": 0.22015991806983948,
            "Y": 0.37464070320129395
          },
          {
            "X": 0.22015991806983948,
            "Y": 0.4884965419769287
          },
          {
            "X": 0.016015127301216125,
            "Y": 0.4884965419769287
          }
        ]
      },
      "Id": "75440945-1ad5-4aed-ac9e-a6d5bab9cddc"
    },
    {
      "BlockType": "WORD",
      "Confidence": 99.7981948852539,
      "Text": "ADC",
      "TextType": "PRINTED",
      "Geometry": {
        "BoundingBox": {
          "Width": 0.042330753058195114,
          "Height": 0.0929403305053711,
          "Left": 0.38688114285469055,
          "Top": 0.3782288432121277
        },
        "Polygon": [
          {
            "X": 0.38688114285469055,
            "Y": 0.3782288432121277
          },
          {
            "X": 0.42921188473701477,
            "Y": 0.3782288432121277
          },
          {
            "X": 0.42921188473701477,
            "Y": 0.4711691737174988
          },
          {
            "X": 0.38688114285469055,
            "Y": 0.4711691737174988
          }
        ]
      },
      "Id": "e6ee0fdc-9b7b-4ee0-9aee-d1c7c2b805d6"
    },
    {
      "BlockType": "WORD",
      "Confidence": 99.8443374633789,
      "Text": "configuration",
      "TextType": "PRINTED",
      "Geometry": {
        "BoundingBox": {
          "Width": 0.11206341534852982,
          "Height": 0.11264414340257645,
          "Left": 0.4322742521762848,
          "Top": 0.37740054726600647
        },
        "Polygon": [
          {
            "X": 0.4322742521762848,
            "Y": 0.37740054726600647
          },
          {
            "X": 0.5443376898765564,
            "Y": 0.37740054726600647
          },
          {
            "X": 0.5443376898765564,
            "Y": 0.4900446832180023
          },
          {
            "X": 0.4322742521762848,
            "Y": 0.4900446832180023
          }
        ]
      },
      "Id": "ee2cc816-acfc-44c9-b590-413fb1a951ae"
    },
    {
      "BlockType": "WORD",
      "Confidence": 99.87100219726562,
      "Text": "register",
      "TextType": "PRINTED",
      "Geometry": {
        "BoundingBox": {
          "Width": 0.06537282466888428,
          "Height": 0.11277000606060028,
          "Left": 0.5469478368759155,
          "Top": 0.3772243857383728
        },
        "Polygon": [
          {
            "X": 0.5469478368759155,
            "Y": 0.3772243857383728
          },
          {
            "X": 0.6123206615447998,
            "Y": 0.3772243857383728
          },
          {
            "X": 0.6123206615447998,
            "Y": 0.4899944067001343
          },
          {
            "X": 0.5469478368759155,
            "Y": 0.4899944067001343
          }
        ]
      },
      "Id": "9add7d6f-dee2-4522-9c0e-843400519f2d"
    },
    {
      "BlockType": "WORD",
      "Confidence": 82.38004302978516,
      "Text": "0x3FF48480",
      "TextType": "PRINTED",
      "Geometry": {
        "BoundingBox": {
          "Width": 0.11034474521875381,
          "Height": 0.09369521588087082,
          "Left": 0.7919910550117493,
          "Top": 0.3779224455356598
        },
        "Polygon": [
          {
            "X": 0.7919910550117493,
            "Y": 0.3779224455356598
          },
          {
            "X": 0.9023357629776001,
            "Y": 0.3779224455356598
          },
          {
            "X": 0.9023357629776001,
            "Y": 0.4716176390647888
          },
          {
            "X": 0.7919910550117493,
            "Y": 0.4716176390647888
          }
        ]
      },
      "Id": "606f7d4e-0485-4d87-b408-bd32fd8ee00b"
    },
    {
      "BlockType": "WORD",
      "Confidence": 99.49044799804688,
      "Text": "R/W",
      "TextType": "PRINTED",
      "Geometry": {
        "BoundingBox": {
          "Width": 0.0400717630982399,
          "Height": 0.09199318289756775,
          "Left": 0.9234791994094849,
          "Top": 0.3768836557865143
        },
        "Polygon": [
          {
            "X": 0.9234791994094849,
            "Y": 0.3768836557865143
          },
          {
            "X": 0.9635509848594666,
            "Y": 0.3768836557865143
          },
          {
            "X": 0.9635509848594666,
            "Y": 0.46887683868408203
          },
          {
            "X": 0.9234791994094849,
            "Y": 0.46887683868408203
          }
        ]
      },
      "Id": "64c819e8-8e85-4ccc-87d7-8044fcc5f3f4"
    },
    {
      "BlockType": "WORD",
      "Confidence": 76.55223846435547,
      "Text": "RTCIO_PAD_DAC1_REC",
      "TextType": "PRINTED",
      "Geometry": {
        "BoundingBox": {
          "Width": 0.20635062456130981,
          "Height": 0.11400067061185837,
          "Left": 0.016950303688645363,
          "Top": 0.5389249324798584
        },
        "Polygon": [
          {
            "X": 0.016950303688645363,
            "Y": 0.5389249324798584
          },
          {
            "X": 0.22330093383789062,
            "Y": 0.5389249324798584
          },
          {
            "X": 0.22330093383789062,
            "Y": 0.6529256105422974
          },
          {
            "X": 0.016950303688645363,
            "Y": 0.6529256105422974
          }
        ]
      },
      "Id": "304b0215-f49f-4cc7-ab9a-50a35bcdea24"
    },
    {
      "BlockType": "WORD",
      "Confidence": 99.68114471435547,
      "Text": "DAC1",
      "TextType": "PRINTED",
      "Geometry": {
        "BoundingBox": {
          "Width": 0.05037173256278038,
          "Height": 0.0932946428656578,
          "Left": 0.38759976625442505,
          "Top": 0.5421440005302429
        },
        "Polygon": [
          {
            "X": 0.38759976625442505,
            "Y": 0.5421440005302429
          },
          {
            "X": 0.4379715025424957,
            "Y": 0.5421440005302429
          },
          {
            "X": 0.4379715025424957,
            "Y": 0.6354386806488037
          },
          {
            "X": 0.38759976625442505,
            "Y": 0.6354386806488037
          }
        ]
      },
      "Id": "31644616-c694-4a09-9117-ed883baa4570"
    },
    {
      "BlockType": "WORD",
      "Confidence": 99.76578521728516,
      "Text": "configuration",
      "TextType": "PRINTED",
      "Geometry": {
        "BoundingBox": {
          "Width": 0.11314638704061508,
          "Height": 0.11127728223800659,
          "Left": 0.44248929619789124,
          "Top": 0.5423725247383118
        },
        "Polygon": [
          {
            "X": 0.44248929619789124,
            "Y": 0.5423725247383118
          },
          {
            "X": 0.5556356906890869,
            "Y": 0.5423725247383118
          },
          {
            "X": 0.5556356906890869,
            "Y": 0.6536498069763184
          },
          {
            "X": 0.44248929619789124,
            "Y": 0.6536498069763184
          }
        ]
      },
      "Id": "9158a01e-8e79-431d-81f9-3d5391cc60d4"
    },
    {
      "BlockType": "WORD",
      "Confidence": 99.89615631103516,
      "Text": "register",
      "TextType": "PRINTED",
      "Geometry": {
        "BoundingBox": {
          "Width": 0.06566344946622849,
          "Height": 0.11276591569185257,
          "Left": 0.5581636428833008,
          "Top": 0.5406025052070618
        },
        "Polygon": [
          {
            "X": 0.5581636428833008,
            "Y": 0.5406025052070618
          },
          {
            "X": 0.6238270998001099,
            "Y": 0.5406025052070618
          },
          {
            "X": 0.6238270998001099,
            "Y": 0.6533684134483337
          },
          {
            "X": 0.5581636428833008,
            "Y": 0.6533684134483337
          }
        ]
      },
      "Id": "c7ba9068-08e7-44d7-a197-ffab118a1f98"
    },
    {
      "BlockType": "WORD",
      "Confidence": 81.46521759033203,
      "Text": "0x3FF48484",
      "TextType": "PRINTED",
      "Geometry": {
        "BoundingBox": {
          "Width": 0.11034520715475082,
          "Height": 0.09615426510572433,
          "Left": 0.791925311088562,
          "Top": 0.5395717620849609
        },
        "Polygon": [
          {
            "X": 0.791925311088562,
            "Y": 0.5395717620849609
          },
          {
            "X": 0.9022705554962158,
            "Y": 0.5395717620849609
          },
          {
            "X": 0.9022705554962158,
            "Y": 0.6357260346412659
          },
          {
            "X": 0.791925311088562,
            "Y": 0.6357260346412659
          }
        ]
      },
      "Id": "e557605b-320f-4475-b466-b5d4314fde34"
    },
    {
      "BlockType": "WORD",
      "Confidence": 99.52725982666016,
      "Text": "R/W",
      "TextType": "PRINTED",
      "Geometry": {
        "BoundingBox": {
          "Width": 0.04013042524456978,
          "Height": 0.09209281206130981,
          "Left": 0.9234746098518372,
          "Top": 0.5413941740989685
        },
        "Polygon": [
          {
            "X": 0.9234746098518372,
            "Y": 0.5413941740989685
          },
          {
            "X": 0.9636050462722778,
            "Y": 0.5413941740989685
          },
          {
            "X": 0.9636050462722778,
            "Y": 0.6334869861602783
          },
          {
            "X": 0.9234746098518372,
            "Y": 0.6334869861602783
          }
        ]
      },
      "Id": "3c71cc13-8ecb-4e62-8de1-ef6743946d1c"
    },
    {
      "BlockType": "WORD",
      "Confidence": 97.38539123535156,
      "Text": "RTCIO_PAD_DAC2_REG",
      "TextType": "PRINTED",
      "Geometry": {
        "BoundingBox": {
          "Width": 0.21279531717300415,
          "Height": 0.11320390552282333,
          "Left": 0.015889110043644905,
          "Top": 0.7039840817451477
        },
        "Polygon": [
          {
            "X": 0.015889110043644905,
            "Y": 0.7039840817451477
          },
          {
            "X": 0.2286844253540039,
            "Y": 0.7039840817451477
          },
          {
            "X": 0.2286844253540039,
            "Y": 0.817188024520874
          },
          {
            "X": 0.015889110043644905,
            "Y": 0.817188024520874
          }
        ]
      },
      "Id": "6ed76eb6-d2af-4203-bb36-62f7d3d15f4d"
    },
    {
      "BlockType": "WORD",
      "Confidence": 99.46549987792969,
      "Text": "DAC2",
      "TextType": "PRINTED",
      "Geometry": {
        "BoundingBox": {
          "Width": 0.05263371020555496,
          "Height": 0.09233926236629486,
          "Left": 0.38761964440345764,
          "Top": 0.7072650194168091
        },
        "Polygon": [
          {
            "X": 0.38761964440345764,
            "Y": 0.7072650194168091
          },
          {
            "X": 0.440253347158432,
            "Y": 0.7072650194168091
          },
          {
            "X": 0.440253347158432,
            "Y": 0.7996042370796204
          },
          {
            "X": 0.38761964440345764,
            "Y": 0.7996042370796204
          }
        ]
      },
      "Id": "991882f1-7c5a-4803-bf9d-3b67065a55ae"
    },
    {
      "BlockType": "WORD",
      "Confidence": 99.78102111816406,
      "Text": "configuration",
      "TextType": "PRINTED",
      "Geometry": {
        "BoundingBox": {
          "Width": 0.11219713091850281,
          "Height": 0.11443700641393661,
          "Left": 0.4428991973400116,
          "Top": 0.7060679793357849
        },
        "Polygon": [
          {
            "X": 0.4428991973400116,
            "Y": 0.7060679793357849
          },
          {
            "X": 0.5550963282585144,
            "Y": 0.7060679793357849
          },
          {
            "X": 0.5550963282585144,
            "Y": 0.8205049633979797
          },
          {
            "X": 0.4428991973400116,
            "Y": 0.8205049633979797
          }
        ]
      },
      "Id": "2d827abb-de46-48d0-ab80-27c6be5d3ab7"
    },
    {
      "BlockType": "WORD",
      "Confidence": 99.8662338256836,
      "Text": "register",
      "TextType": "PRINTED",
      "Geometry": {
        "BoundingBox": {
          "Width": 0.06570959091186523,
          "Height": 0.11225268989801407,
          "Left": 0.5581222772598267,
          "Top": 0.7051030993461609
        },
        "Polygon": [
          {
            "X": 0.5581222772598267,
            "Y": 0.7051030993461609
          },
          {
            "X": 0.6238318681716919,
            "Y": 0.7051030993461609
          },
          {
            "X": 0.6238318681716919,
            "Y": 0.817355751991272
          },
          {
            "X": 0.5581222772598267,
            "Y": 0.817355751991272
          }
        ]
      },
      "Id": "7f9f5cb2-65c9-41f5-9983-eb4fb503ee97"
    },
    {
      "BlockType": "WORD",
      "Confidence": 79.70140838623047,
      "Text": "0x3FF48488",
      "TextType": "PRINTED",
      "Geometry": {
        "BoundingBox": {
          "Width": 0.10962756723165512,
          "Height": 0.09308864921331406,
          "Left": 0.791987955570221,
          "Top": 0.7072434425354004
        },
        "Polygon": [
          {
            "X": 0.791987955570221,
            "Y": 0.7072434425354004
          },
          {
            "X": 0.901615560054779,
            "Y": 0.7072434425354004
          },
          {
            "X": 0.901615560054779,
            "Y": 0.8003321290016174
          },
          {
            "X": 0.791987955570221,
            "Y": 0.8003321290016174
          }
        ]
      },
      "Id": "bf58a5a5-0ba1-4ee4-bbdb-5054f7891e96"
    },
    {
      "BlockType": "WORD",
      "Confidence": 99.53677368164062,
      "Text": "R/W",
      "TextType": "PRINTED",
      "Geometry": {
        "BoundingBox": {
          "Width": 0.039937593042850494,
          "Height": 0.09105405956506729,
          "Left": 0.9235468506813049,
          "Top": 0.7062241435050964
        },
        "Polygon": [
          {
            "X": 0.9235468506813049,
            "Y": 0.7062241435050964
          },
          {
            "X": 0.9634844064712524,
            "Y": 0.7062241435050964
          },
          {
            "X": 0.9634844064712524,
            "Y": 0.7972782254219055
          },
          {
            "X": 0.9235468506813049,
            "Y": 0.7972782254219055
          }
        ]
      },
      "Id": "2459ba43-abf1-4597-9d66-ad5b50f07caa"
    },
    {
      "BlockType": "WORD",
      "Confidence": 89.6302490234375,
      "Text": "RTCIO_XTAL_32K_PAD_REG",
      "TextType": "PRINTED",
      "Geometry": {
        "BoundingBox": {
          "Width": 0.2574159502983093,
          "Height": 0.11371753364801407,
          "Left": 0.011069687083363533,
          "Top": 0.8669851422309875
        },
        "Polygon": [
          {
            "X": 0.011069687083363533,
            "Y": 0.8669851422309875
          },
          {
            "X": 0.2684856355190277,
            "Y": 0.8669851422309875
          },
          {
            "X": 0.2684856355190277,
            "Y": 0.9807026386260986
          },
          {
            "X": 0.011069687083363533,
            "Y": 0.9807026386260986
          }
        ]
      },
      "Id": "f5e8540b-d30c-4c54-93e1-ff4defaea5c1"
    },
    {
      "BlockType": "WORD",
      "Confidence": 97.15756225585938,
      "Text": "32KHz",
      "TextType": "PRINTED",
      "Geometry": {
        "BoundingBox": {
          "Width": 0.061069734394550323,
          "Height": 0.09247890114784241,
          "Left": 0.3867957890033722,
          "Top": 0.8713611960411072
        },
        "Polygon": [
          {
            "X": 0.3867957890033722,
            "Y": 0.8713611960411072
          },
          {
            "X": 0.4478655159473419,
            "Y": 0.8713611960411072
          },
          {
            "X": 0.4478655159473419,
            "Y": 0.9638400673866272
          },
          {
            "X": 0.3867957890033722,
            "Y": 0.9638400673866272
          }
        ]
      },
      "Id": "2467f5be-761d-4560-be44-119674c30cf2"
    },
    {
      "BlockType": "WORD",
      "Confidence": 99.81819152832031,
      "Text": "crystal",
      "TextType": "PRINTED",
      "Geometry": {
        "BoundingBox": {
          "Width": 0.056367307901382446,
          "Height": 0.11196818947792053,
          "Left": 0.4503527879714966,
          "Top": 0.8720958232879639
        },
        "Polygon": [
          {
            "X": 0.4503527879714966,
            "Y": 0.8720958232879639
          },
          {
            "X": 0.5067201256752014,
            "Y": 0.8720958232879639
          },
          {
            "X": 0.5067201256752014,
            "Y": 0.984063982963562
          },
          {
            "X": 0.4503527879714966,
            "Y": 0.984063982963562
          }
        ]
      },
      "Id": "9de50d3c-5b7a-4313-b0e1-cf4d13422463"
    },
    {
      "BlockType": "WORD",
      "Confidence": 99.41735076904297,
      "Text": "pads",
      "TextType": "PRINTED",
      "Geometry": {
        "BoundingBox": {
          "Width": 0.04459942877292633,
          "Height": 0.11170347034931183,
          "Left": 0.5101351141929626,
          "Top": 0.8717100024223328
        },
        "Polygon": [
          {
            "X": 0.5101351141929626,
            "Y": 0.8717100024223328
          },
          {
            "X": 0.5547345280647278,
            "Y": 0.8717100024223328
          },
          {
            "X": 0.5547345280647278,
            "Y": 0.9834135174751282
          },
          {
            "X": 0.5101351141929626,
            "Y": 0.9834135174751282
          }
        ]
      },
      "Id": "74907c9f-046b-4862-a725-15c72ebfb224"
    },
    {
      "BlockType": "WORD",
      "Confidence": 99.82396697998047,
      "Text": "configuration",
      "TextType": "PRINTED",
      "Geometry": {
        "BoundingBox": {
          "Width": 0.11113709211349487,
          "Height": 0.1121344342827797,
          "Left": 0.5581706166267395,
          "Top": 0.8713277578353882
        },
        "Polygon": [
          {
            "X": 0.5581706166267395,
            "Y": 0.8713277578353882
          },
          {
            "X": 0.6693077087402344,
            "Y": 0.8713277578353882
          },
          {
            "X": 0.6693077087402344,
            "Y": 0.9834621548652649
          },
          {
            "X": 0.5581706166267395,
            "Y": 0.9834621548652649
          }
        ]
      },
      "Id": "397b5eb1-9469-4f30-b28c-2aebb1e2c8fb"
    },
    {
      "BlockType": "WORD",
      "Confidence": 99.7843017578125,
      "Text": "register",
      "TextType": "PRINTED",
      "Geometry": {
        "BoundingBox": {
          "Width": 0.0658775344491005,
          "Height": 0.11065894365310669,
          "Left": 0.6724351644515991,
          "Top": 0.8692771792411804
        },
        "Polygon": [
          {
            "X": 0.6724351644515991,
            "Y": 0.8692771792411804
          },
          {
            "X": 0.7383127212524414,
            "Y": 0.8692771792411804
          },
          {
            "X": 0.7383127212524414,
            "Y": 0.9799361228942871
          },
          {
            "X": 0.6724351644515991,
            "Y": 0.9799361228942871
          }
        ]
      },
      "Id": "aa8b33c2-7109-4b3e-9e9e-2c0f1f7c8a43"
    },
    {
      "BlockType": "WORD",
      "Confidence": 86.0740737915039,
      "Text": "0x3FF4848C",
      "TextType": "PRINTED",
      "Geometry": {
        "BoundingBox": {
          "Width": 0.11504713445901871,
          "Height": 0.09815969318151474,
          "Left": 0.7911251187324524,
          "Top": 0.8654399514198303
        },
        "Polygon": [
          {
            "X": 0.7911251187324524,
            "Y": 0.8654399514198303
          },
          {
            "X": 0.9061722755432129,
            "Y": 0.8654399514198303
          },
          {
            "X": 0.9061722755432129,
            "Y": 0.963599681854248
          },
          {
            "X": 0.7911251187324524,
            "Y": 0.963599681854248
          }
        ]
      },
      "Id": "8497446d-cbdc-48a6-864f-3504629276e8"
    },
    {
      "BlockType": "WORD",
      "Confidence": 99.55245208740234,
      "Text": "R/W",
      "TextType": "PRINTED",
      "Geometry": {
        "BoundingBox": {
          "Width": 0.040145739912986755,
          "Height": 0.09170321375131607,
          "Left": 0.9234933257102966,
          "Top": 0.8700680732727051
        },
        "Polygon": [
          {
            "X": 0.9234933257102966,
            "Y": 0.8700680732727051
          },
          {
            "X": 0.9636390805244446,
            "Y": 0.8700680732727051
          },
          {
            "X": 0.9636390805244446,
            "Y": 0.9617713093757629
          },
          {
            "X": 0.9234933257102966,
            "Y": 0.9617713093757629
          }
        ]
      },
      "Id": "2cc289c2-987d-4251-9b2c-1666793fae73"
    },
    {
      "BlockType": "TABLE",
      "Confidence": 99.30655670166016,
      "Geometry": {
        "BoundingBox": {
          "Width": 0.9914842247962952,
          "Height": 0.9886724352836609,
          "Left": 0.00474712997674942,
          "Top": 0.01132757868617773
        },
        "Polygon": [
          {
            "X": 0.00474712997674942,
            "Y": 0.01132757868617773
          },
          {
            "X": 0.9962313771247864,
            "Y": 0.01132757868617773
          },
          {
            "X": 0.9962313771247864,
            "Y": 1
          },
          {
            "X": 0.00474712997674942,
            "Y": 1
          }
        ]
      },
      "Id": "646a8dcf-d443-44b1-9338-74c61c9c822a",
      "Relationships": [
        {
          "Type": "CHILD",
          "Ids": [
            "04646d24-e34b-424c-b51f-014ee0270126",
            "abc1da02-b8ca-4ba3-b3b1-6fa708f25382",
            "30f7c516-29fb-40d7-b61f-221d88ecd246",
            "dea8236c-d02c-4c15-a991-919f210f7124",
            "4f1db517-b6bb-4248-8a1f-eac33e4d341c",
            "ce8e5b3e-c7e1-42a2-8cb8-c2eb40866bbc",
            "dbf4b604-36c5-402b-b4f5-52ff0959c2d1",
            "b8256512-af40-4bcc-8373-859119144213",
            "2d7df07f-f2a2-445f-88e0-3333c0924d9f",
            "98a9014e-f1a4-45fe-a385-650818f71b82",
            "3699b1e9-3617-4651-84e5-78705b3e1fcc",
            "bb4696ba-e365-46e3-9606-aab3e0570ee3",
            "ace61e21-a679-4e6d-ad9c-3552f50e8f5a",
            "c02ee3dc-5da6-4c7c-b269-1249bee9265d",
            "e3d18cc0-9d49-4bff-a632-40240ee6a3a0",
            "e912f3de-5a12-4e4f-8b11-44db9bdca00c",
            "cbb09331-b8c6-465e-9f3f-bf6a60c94228",
            "14a748b4-32a1-446d-8a0a-41c21f33fc60",
            "7b4b324a-15ed-4aab-be17-3980a326e603",
            "4af549c1-6b51-41ad-bf3b-2660dcdefc8b",
            "7b3c461c-8b2e-4376-a7f5-86b159831b04",
            "aa77c529-161a-454f-b1ab-cd8245e742e4",
            "ceee7f02-d09c-4117-9afd-efff4ed06238",
            "37e81f76-d8f7-4f8f-97c1-b7c0c6c0e184"
          ]
        }
      ]
    },
    {
      "BlockType": "CELL",
      "Confidence": 92.86170196533203,
      "RowIndex": 1,
      "ColumnIndex": 1,
      "RowSpan": 1,
      "ColumnSpan": 1,
      "Geometry": {
        "BoundingBox": {
          "Width": 0.3710370659828186,
          "Height": 0.15972505509853363,
          "Left": 0.00474712997674942,
          "Top": 0.01132757868617773
        },
        "Polygon": [
          {
            "X": 0.00474712997674942,
            "Y": 0.01132757868617773
          },
          {
            "X": 0.3757841885089874,
            "Y": 0.01132757868617773
          },
          {
            "X": 0.3757841885089874,
            "Y": 0.17105263471603394
          },
          {
            "X": 0.00474712997674942,
            "Y": 0.17105263471603394
          }
        ]
      },
      "Id": "04646d24-e34b-424c-b51f-014ee0270126",
      "Relationships": [
        {
          "Type": "CHILD",
          "Ids": [
            "2a39a65f-e8bc-4261-8843-3f3f0287c5fc"
          ]
        }
      ],
      "EntityTypes": [
        "COLUMN_HEADER"
      ]
    },
    {
      "BlockType": "CELL",
      "Confidence": 93.78520202636719,
      "RowIndex": 1,
      "ColumnIndex": 2,
      "RowSpan": 1,
      "ColumnSpan": 1,
      "Geometry": {
        "BoundingBox": {
          "Width": 0.40150564908981323,
          "Height": 0.15972505509853363,
          "Left": 0.3757841885089874,
          "Top": 0.01132757868617773
        },
        "Polygon": [
          {
            "X": 0.3757841885089874,
            "Y": 0.01132757868617773
          },
          {
            "X": 0.7772898077964783,
            "Y": 0.01132757868617773
          },
          {
            "X": 0.7772898077964783,
            "Y": 0.17105263471603394
          },
          {
            "X": 0.3757841885089874,
            "Y": 0.17105263471603394
          }
        ]
      },
      "Id": "abc1da02-b8ca-4ba3-b3b1-6fa708f25382",
      "Relationships": [
        {
          "Type": "CHILD",
          "Ids": [
            "7547f850-858c-4238-866d-57c7a65ad9e6",
            "a72b0143-8a91-4685-9d19-9bd02f3d360e",
            "12350fe8-ebe0-4b69-96cb-5773c709bd4e"
          ]
        }
      ],
      "EntityTypes": [
        "COLUMN_HEADER"
      ]
    },
    {
      "BlockType": "CELL",
      "Confidence": 92.66558074951172,
      "RowIndex": 1,
      "ColumnIndex": 3,
      "RowSpan": 1,
      "ColumnSpan": 1,
      "Geometry": {
        "BoundingBox": {
          "Width": 0.13174404203891754,
          "Height": 0.15972505509853363,
          "Left": 0.7772898077964783,
          "Top": 0.01132757868617773
        },
        "Polygon": [
          {
            "X": 0.7772898077964783,
            "Y": 0.01132757868617773
          },
          {
            "X": 0.9090338945388794,
            "Y": 0.01132757868617773
          },
          {
            "X": 0.9090338945388794,
            "Y": 0.17105263471603394
          },
          {
            "X": 0.7772898077964783,
            "Y": 0.17105263471603394
          }
        ]
      },
      "Id": "30f7c516-29fb-40d7-b61f-221d88ecd246",
      "Relationships": [
        {
          "Type": "CHILD",
          "Ids": [
            "a0c304e8-57b8-44f6-a1a2-0d3f2bf4df86"
          ]
        }
      ],
      "EntityTypes": [
        "COLUMN_HEADER"
      ]
    },
    {
      "BlockType": "CELL",
      "Confidence": 86.832275390625,
      "RowIndex": 1,
      "ColumnIndex": 4,
      "RowSpan": 1,
      "ColumnSpan": 1,
      "Geometry": {
        "BoundingBox": {
          "Width": 0.08719749003648758,
          "Height": 0.15972505509853363,
          "Left": 0.9090338945388794,
          "Top": 0.01132757868617773
        },
        "Polygon": [
          {
            "X": 0.9090338945388794,
            "Y": 0.01132757868617773
          },
          {
            "X": 0.9962313771247864,
            "Y": 0.01132757868617773
          },
          {
            "X": 0.9962313771247864,
            "Y": 0.17105263471603394
          },
          {
            "X": 0.9090338945388794,
            "Y": 0.17105263471603394
          }
        ]
      },
      "Id": "dea8236c-d02c-4c15-a991-919f210f7124",
      "Relationships": [
        {
          "Type": "CHILD",
          "Ids": [
            "ed143ae2-b9ce-47c4-946b-fd774e38568b"
          ]
        }
      ],
      "EntityTypes": [
        "COLUMN_HEADER"
      ]
    },
    {
      "BlockType": "CELL",
      "Confidence": 91.75129699707031,
      "RowIndex": 2,
      "ColumnIndex": 1,
      "RowSpan": 1,
      "ColumnSpan": 1,
      "Geometry": {
        "BoundingBox": {
          "Width": 0.3710370659828186,
          "Height": 0.16447368264198303,
          "Left": 0.00474712997674942,
          "Top": 0.17105263471603394
        },
        "Polygon": [
          {
            "X": 0.00474712997674942,
            "Y": 0.17105263471603394
          },
          {
            "X": 0.3757841885089874,
            "Y": 0.17105263471603394
          },
          {
            "X": 0.3757841885089874,
            "Y": 0.33552631735801697
          },
          {
            "X": 0.00474712997674942,
            "Y": 0.33552631735801697
          }
        ]
      },
      "Id": "4f1db517-b6bb-4248-8a1f-eac33e4d341c",
      "Relationships": [
        {
          "Type": "CHILD",
          "Ids": [
            "aaca008e-90c7-4ff6-ae3a-385bbe4364e6"
          ]
        }
      ]
    },
    {
      "BlockType": "CELL",
      "Confidence": 92.66375732421875,
      "RowIndex": 2,
      "ColumnIndex": 2,
      "RowSpan": 1,
      "ColumnSpan": 1,
      "Geometry": {
        "BoundingBox": {
          "Width": 0.40150564908981323,
          "Height": 0.16447368264198303,
          "Left": 0.3757841885089874,
          "Top": 0.17105263471603394
        },
        "Polygon": [
          {
            "X": 0.3757841885089874,
            "Y": 0.17105263471603394
          },
          {
            "X": 0.7772898077964783,
            "Y": 0.17105263471603394
          },
          {
            "X": 0.7772898077964783,
            "Y": 0.33552631735801697
          },
          {
            "X": 0.3757841885089874,
            "Y": 0.33552631735801697
          }
        ]
      },
      "Id": "ce8e5b3e-c7e1-42a2-8cb8-c2eb40866bbc",
      "Relationships": [
        {
          "Type": "CHILD",
          "Ids": [
            "16f57a7a-93d0-4768-9bd0-5db14cb1cfb6",
            "4710369c-bf43-4aaf-9a38-4f13a58a4a67",
            "2a9d090e-d202-4108-9212-d92390ab89b3",
            "12ade436-616c-48b5-a8b7-b2c9944a7239"
          ]
        }
      ]
    },
    {
      "BlockType": "CELL",
      "Confidence": 91.55752563476562,
      "RowIndex": 2,
      "ColumnIndex": 3,
      "RowSpan": 1,
      "ColumnSpan": 1,
      "Geometry": {
        "BoundingBox": {
          "Width": 0.13174404203891754,
          "Height": 0.16447368264198303,
          "Left": 0.7772898077964783,
          "Top": 0.17105263471603394
        },
        "Polygon": [
          {
            "X": 0.7772898077964783,
            "Y": 0.17105263471603394
          },
          {
            "X": 0.9090338945388794,
            "Y": 0.17105263471603394
          },
          {
            "X": 0.9090338945388794,
            "Y": 0.33552631735801697
          },
          {
            "X": 0.7772898077964783,
            "Y": 0.33552631735801697
          }
        ]
      },
      "Id": "dbf4b604-36c5-402b-b4f5-52ff0959c2d1",
      "Relationships": [
        {
          "Type": "CHILD",
          "Ids": [
            "ef816974-ff2e-4167-bac5-54679fe53954"
          ]
        }
      ]
    },
    {
      "BlockType": "CELL",
      "Confidence": 85.79397583007812,
      "RowIndex": 2,
      "ColumnIndex": 4,
      "RowSpan": 1,
      "ColumnSpan": 1,
      "Geometry": {
        "BoundingBox": {
          "Width": 0.08719749003648758,
          "Height": 0.16447368264198303,
          "Left": 0.9090338945388794,
          "Top": 0.17105263471603394
        },
        "Polygon": [
          {
            "X": 0.9090338945388794,
            "Y": 0.17105263471603394
          },
          {
            "X": 0.9962313771247864,
            "Y": 0.17105263471603394
          },
          {
            "X": 0.9962313771247864,
            "Y": 0.33552631735801697
          },
          {
            "X": 0.9090338945388794,
            "Y": 0.33552631735801697
          }
        ]
      },
      "Id": "b8256512-af40-4bcc-8373-859119144213",
      "Relationships": [
        {
          "Type": "CHILD",
          "Ids": [
            "80ce3820-2ace-448a-b01a-a8fb330c5340"
          ]
        }
      ]
    },
    {
      "BlockType": "CELL",
      "Confidence": 91.2896957397461,
      "RowIndex": 3,
      "ColumnIndex": 1,
      "RowSpan": 1,
      "ColumnSpan": 1,
      "Geometry": {
        "BoundingBox": {
          "Width": 0.3710370659828186,
          "Height": 0.17105263471603394,
          "Left": 0.00474712997674942,
          "Top": 0.33552631735801697
        },
        "Polygon": [
          {
            "X": 0.00474712997674942,
            "Y": 0.33552631735801697
          },
          {
            "X": 0.3757841885089874,
            "Y": 0.33552631735801697
          },
          {
            "X": 0.3757841885089874,
            "Y": 0.5065789222717285
          },
          {
            "X": 0.00474712997674942,
            "Y": 0.5065789222717285
          }
        ]
      },
      "Id": "2d7df07f-f2a2-445f-88e0-3333c0924d9f",
      "Relationships": [
        {
          "Type": "CHILD",
          "Ids": [
            "75440945-1ad5-4aed-ac9e-a6d5bab9cddc"
          ]
        }
      ]
    },
    {
      "BlockType": "CELL",
      "Confidence": 92.19757080078125,
      "RowIndex": 3,
      "ColumnIndex": 2,
      "RowSpan": 1,
      "ColumnSpan": 1,
      "Geometry": {
        "BoundingBox": {
          "Width": 0.40150564908981323,
          "Height": 0.17105263471603394,
          "Left": 0.3757841885089874,
          "Top": 0.33552631735801697
        },
        "Polygon": [
          {
            "X": 0.3757841885089874,
            "Y": 0.33552631735801697
          },
          {
            "X": 0.7772898077964783,
            "Y": 0.33552631735801697
          },
          {
            "X": 0.7772898077964783,
            "Y": 0.5065789222717285
          },
          {
            "X": 0.3757841885089874,
            "Y": 0.5065789222717285
          }
        ]
      },
      "Id": "98a9014e-f1a4-45fe-a385-650818f71b82",
      "Relationships": [
        {
          "Type": "CHILD",
          "Ids": [
            "e6ee0fdc-9b7b-4ee0-9aee-d1c7c2b805d6",
            "ee2cc816-acfc-44c9-b590-413fb1a951ae",
            "9add7d6f-dee2-4522-9c0e-843400519f2d"
          ]
        }
      ]
    },
    {
      "BlockType": "CELL",
      "Confidence": 91.0969009399414,
      "RowIndex": 3,
      "ColumnIndex": 3,
      "RowSpan": 1,
      "ColumnSpan": 1,
      "Geometry": {
        "BoundingBox": {
          "Width": 0.13174404203891754,
          "Height": 0.17105263471603394,
          "Left": 0.7772898077964783,
          "Top": 0.33552631735801697
        },
        "Polygon": [
          {
            "X": 0.7772898077964783,
            "Y": 0.33552631735801697
          },
          {
            "X": 0.9090338945388794,
            "Y": 0.33552631735801697
          },
          {
            "X": 0.9090338945388794,
            "Y": 0.5065789222717285
          },
          {
            "X": 0.7772898077964783,
            "Y": 0.5065789222717285
          }
        ]
      },
      "Id": "3699b1e9-3617-4651-84e5-78705b3e1fcc",
      "Relationships": [
        {
          "Type": "CHILD",
          "Ids": [
            "606f7d4e-0485-4d87-b408-bd32fd8ee00b"
          ]
        }
      ]
    },
    {
      "BlockType": "CELL",
      "Confidence": 85.36234283447266,
      "RowIndex": 3,
      "ColumnIndex": 4,
      "RowSpan": 1,
      "ColumnSpan": 1,
      "Geometry": {
        "BoundingBox": {
          "Width": 0.08719749003648758,
          "Height": 0.17105263471603394,
          "Left": 0.9090338945388794,
          "Top": 0.33552631735801697
        },
        "Polygon": [
          {
            "X": 0.9090338945388794,
            "Y": 0.33552631735801697
          },
          {
            "X": 0.9962313771247864,
            "Y": 0.33552631735801697
          },
          {
            "X": 0.9962313771247864,
            "Y": 0.5065789222717285
          },
          {
            "X": 0.9090338945388794,
            "Y": 0.5065789222717285
          }
        ]
      },
      "Id": "bb4696ba-e365-46e3-9606-aab3e0570ee3",
      "Relationships": [
        {
          "Type": "CHILD",
          "Ids": [
            "64c819e8-8e85-4ccc-87d7-8044fcc5f3f4"
          ]
        }
      ]
    },
    {
      "BlockType": "CELL",
      "Confidence": 90.29935455322266,
      "RowIndex": 4,
      "ColumnIndex": 1,
      "RowSpan": 1,
      "ColumnSpan": 1,
      "Geometry": {
        "BoundingBox": {
          "Width": 0.3710370659828186,
          "Height": 0.16447368264198303,
          "Left": 0.00474712997674942,
          "Top": 0.5065789222717285
        },
        "Polygon": [
          {
            "X": 0.00474712997674942,
            "Y": 0.5065789222717285
          },
          {
            "X": 0.3757841885089874,
            "Y": 0.5065789222717285
          },
          {
            "X": 0.3757841885089874,
            "Y": 0.6710526347160339
          },
          {
            "X": 0.00474712997674942,
            "Y": 0.6710526347160339
          }
        ]
      },
      "Id": "ace61e21-a679-4e6d-ad9c-3552f50e8f5a",
      "Relationships": [
        {
          "Type": "CHILD",
          "Ids": [
            "304b0215-f49f-4cc7-ab9a-50a35bcdea24"
          ]
        }
      ]
    },
    {
      "BlockType": "CELL",
      "Confidence": 91.19738006591797,
      "RowIndex": 4,
      "ColumnIndex": 2,
      "RowSpan": 1,
      "ColumnSpan": 1,
      "Geometry": {
        "BoundingBox": {
          "Width": 0.40150564908981323,
          "Height": 0.16447368264198303,
          "Left": 0.3757841885089874,
          "Top": 0.5065789222717285
        },
        "Polygon": [
          {
            "X": 0.3757841885089874,
            "Y": 0.5065789222717285
          },
          {
            "X": 0.7772898077964783,
            "Y": 0.5065789222717285
          },
          {
            "X": 0.7772898077964783,
            "Y": 0.6710526347160339
          },
          {
            "X": 0.3757841885089874,
            "Y": 0.6710526347160339
          }
        ]
      },
      "Id": "c02ee3dc-5da6-4c7c-b269-1249bee9265d",
      "Relationships": [
        {
          "Type": "CHILD",
          "Ids": [
            "31644616-c694-4a09-9117-ed883baa4570",
            "9158a01e-8e79-431d-81f9-3d5391cc60d4",
            "c7ba9068-08e7-44d7-a197-ffab118a1f98"
          ]
        }
      ]
    },
    {
      "BlockType": "CELL",
      "Confidence": 90.10865020751953,
      "RowIndex": 4,
      "ColumnIndex": 3,
      "RowSpan": 1,
      "ColumnSpan": 1,
      "Geometry": {
        "BoundingBox": {
          "Width": 0.13174404203891754,
          "Height": 0.16447368264198303,
          "Left": 0.7772898077964783,
          "Top": 0.5065789222717285
        },
        "Polygon": [
          {
            "X": 0.7772898077964783,
            "Y": 0.5065789222717285
          },
          {
            "X": 0.9090338945388794,
            "Y": 0.5065789222717285
          },
          {
            "X": 0.9090338945388794,
            "Y": 0.6710526347160339
          },
          {
            "X": 0.7772898077964783,
            "Y": 0.6710526347160339
          }
        ]
      },
      "Id": "e3d18cc0-9d49-4bff-a632-40240ee6a3a0",
      "Relationships": [
        {
          "Type": "CHILD",
          "Ids": [
            "e557605b-320f-4475-b466-b5d4314fde34"
          ]
        }
      ]
    },
    {
      "BlockType": "CELL",
      "Confidence": 84.43630981445312,
      "RowIndex": 4,
      "ColumnIndex": 4,
      "RowSpan": 1,
      "ColumnSpan": 1,
      "Geometry": {
        "BoundingBox": {
          "Width": 0.08719749003648758,
          "Height": 0.16447368264198303,
          "Left": 0.9090338945388794,
          "Top": 0.5065789222717285
        },
        "Polygon": [
          {
            "X": 0.9090338945388794,
            "Y": 0.5065789222717285
          },
          {
            "X": 0.9962313771247864,
            "Y": 0.5065789222717285
          },
          {
            "X": 0.9962313771247864,
            "Y": 0.6710526347160339
          },
          {
            "X": 0.9090338945388794,
            "Y": 0.6710526347160339
          }
        ]
      },
      "Id": "e912f3de-5a12-4e4f-8b11-44db9bdca00c",
      "Relationships": [
        {
          "Type": "CHILD",
          "Ids": [
            "3c71cc13-8ecb-4e62-8de1-ef6743946d1c"
          ]
        }
      ]
    },
    {
      "BlockType": "CELL",
      "Confidence": 90.59493255615234,
      "RowIndex": 5,
      "ColumnIndex": 1,
      "RowSpan": 1,
      "ColumnSpan": 1,
      "Geometry": {
        "BoundingBox": {
          "Width": 0.3710370659828186,
          "Height": 0.16447368264198303,
          "Left": 0.00474712997674942,
          "Top": 0.6710526347160339
        },
        "Polygon": [
          {
            "X": 0.00474712997674942,
            "Y": 0.6710526347160339
          },
          {
            "X": 0.3757841885089874,
            "Y": 0.6710526347160339
          },
          {
            "X": 0.3757841885089874,
            "Y": 0.8355262875556946
          },
          {
            "X": 0.00474712997674942,
            "Y": 0.8355262875556946
          }
        ]
      },
      "Id": "cbb09331-b8c6-465e-9f3f-bf6a60c94228",
      "Relationships": [
        {
          "Type": "CHILD",
          "Ids": [
            "6ed76eb6-d2af-4203-bb36-62f7d3d15f4d"
          ]
        }
      ]
    },
    {
      "BlockType": "CELL",
      "Confidence": 91.49588775634766,
      "RowIndex": 5,
      "ColumnIndex": 2,
      "RowSpan": 1,
      "ColumnSpan": 1,
      "Geometry": {
        "BoundingBox": {
          "Width": 0.40150564908981323,
          "Height": 0.16447368264198303,
          "Left": 0.3757841885089874,
          "Top": 0.6710526347160339
        },
        "Polygon": [
          {
            "X": 0.3757841885089874,
            "Y": 0.6710526347160339
          },
          {
            "X": 0.7772898077964783,
            "Y": 0.6710526347160339
          },
          {
            "X": 0.7772898077964783,
            "Y": 0.8355262875556946
          },
          {
            "X": 0.3757841885089874,
            "Y": 0.8355262875556946
          }
        ]
      },
      "Id": "14a748b4-32a1-446d-8a0a-41c21f33fc60",
      "Relationships": [
        {
          "Type": "CHILD",
          "Ids": [
            "991882f1-7c5a-4803-bf9d-3b67065a55ae",
            "2d827abb-de46-48d0-ab80-27c6be5d3ab7",
            "7f9f5cb2-65c9-41f5-9983-eb4fb503ee97"
          ]
        }
      ]
    },
    {
      "BlockType": "CELL",
      "Confidence": 90.40359497070312,
      "RowIndex": 5,
      "ColumnIndex": 3,
      "RowSpan": 1,
      "ColumnSpan": 1,
      "Geometry": {
        "BoundingBox": {
          "Width": 0.13174404203891754,
          "Height": 0.16447368264198303,
          "Left": 0.7772898077964783,
          "Top": 0.6710526347160339
        },
        "Polygon": [
          {
            "X": 0.7772898077964783,
            "Y": 0.6710526347160339
          },
          {
            "X": 0.9090338945388794,
            "Y": 0.6710526347160339
          },
          {
            "X": 0.9090338945388794,
            "Y": 0.8355262875556946
          },
          {
            "X": 0.7772898077964783,
            "Y": 0.8355262875556946
          }
        ]
      },
      "Id": "7b4b324a-15ed-4aab-be17-3980a326e603",
      "Relationships": [
        {
          "Type": "CHILD",
          "Ids": [
            "bf58a5a5-0ba1-4ee4-bbdb-5054f7891e96"
          ]
        }
      ]
    },
    {
      "BlockType": "CELL",
      "Confidence": 84.71269226074219,
      "RowIndex": 5,
      "ColumnIndex": 4,
      "RowSpan": 1,
      "ColumnSpan": 1,
      "Geometry": {
        "BoundingBox": {
          "Width": 0.08719749003648758,
          "Height": 0.16447368264198303,
          "Left": 0.9090338945388794,
          "Top": 0.6710526347160339
        },
        "Polygon": [
          {
            "X": 0.9090338945388794,
            "Y": 0.6710526347160339
          },
          {
            "X": 0.9962313771247864,
            "Y": 0.6710526347160339
          },
          {
            "X": 0.9962313771247864,
            "Y": 0.8355262875556946
          },
          {
            "X": 0.9090338945388794,
            "Y": 0.8355262875556946
          }
        ]
      },
      "Id": "4af549c1-6b51-41ad-bf3b-2660dcdefc8b",
      "Relationships": [
        {
          "Type": "CHILD",
          "Ids": [
            "2459ba43-abf1-4597-9d66-ad5b50f07caa"
          ]
        }
      ]
    },
    {
      "BlockType": "CELL",
      "Confidence": 91.51988983154297,
      "RowIndex": 6,
      "ColumnIndex": 1,
      "RowSpan": 1,
      "ColumnSpan": 1,
      "Geometry": {
        "BoundingBox": {
          "Width": 0.3710370659828186,
          "Height": 0.16447368264198303,
          "Left": 0.00474712997674942,
          "Top": 0.8355262875556946
        },
        "Polygon": [
          {
            "X": 0.00474712997674942,
            "Y": 0.8355262875556946
          },
          {
            "X": 0.3757841885089874,
            "Y": 0.8355262875556946
          },
          {
            "X": 0.3757841885089874,
            "Y": 1
          },
          {
            "X": 0.00474712997674942,
            "Y": 1
          }
        ]
      },
      "Id": "7b3c461c-8b2e-4376-a7f5-86b159831b04",
      "Relationships": [
        {
          "Type": "CHILD",
          "Ids": [
            "f5e8540b-d30c-4c54-93e1-ff4defaea5c1"
          ]
        }
      ]
    },
    {
      "BlockType": "CELL",
      "Confidence": 92.43004608154297,
      "RowIndex": 6,
      "ColumnIndex": 2,
      "RowSpan": 1,
      "ColumnSpan": 1,
      "Geometry": {
        "BoundingBox": {
          "Width": 0.40150564908981323,
          "Height": 0.16447368264198303,
          "Left": 0.3757841885089874,
          "Top": 0.8355262875556946
        },
        "Polygon": [
          {
            "X": 0.3757841885089874,
            "Y": 0.8355262875556946
          },
          {
            "X": 0.7772898077964783,
            "Y": 0.8355262875556946
          },
          {
            "X": 0.7772898077964783,
            "Y": 1
          },
          {
            "X": 0.3757841885089874,
            "Y": 1
          }
        ]
      },
      "Id": "aa77c529-161a-454f-b1ab-cd8245e742e4",
      "Relationships": [
        {
          "Type": "CHILD",
          "Ids": [
            "2467f5be-761d-4560-be44-119674c30cf2",
            "9de50d3c-5b7a-4313-b0e1-cf4d13422463",
            "74907c9f-046b-4862-a725-15c72ebfb224",
            "397b5eb1-9469-4f30-b28c-2aebb1e2c8fb",
            "aa8b33c2-7109-4b3e-9e9e-2c0f1f7c8a43"
          ]
        }
      ]
    },
    {
      "BlockType": "CELL",
      "Confidence": 91.32659912109375,
      "RowIndex": 6,
      "ColumnIndex": 3,
      "RowSpan": 1,
      "ColumnSpan": 1,
      "Geometry": {
        "BoundingBox": {
          "Width": 0.13174404203891754,
          "Height": 0.16447368264198303,
          "Left": 0.7772898077964783,
          "Top": 0.8355262875556946
        },
        "Polygon": [
          {
            "X": 0.7772898077964783,
            "Y": 0.8355262875556946
          },
          {
            "X": 0.9090338945388794,
            "Y": 0.8355262875556946
          },
          {
            "X": 0.9090338945388794,
            "Y": 1
          },
          {
            "X": 0.7772898077964783,
            "Y": 1
          }
        ]
      },
      "Id": "ceee7f02-d09c-4117-9afd-efff4ed06238",
      "Relationships": [
        {
          "Type": "CHILD",
          "Ids": [
            "8497446d-cbdc-48a6-864f-3504629276e8"
          ]
        }
      ]
    },
    {
      "BlockType": "CELL",
      "Confidence": 85.57759094238281,
      "RowIndex": 6,
      "ColumnIndex": 4,
      "RowSpan": 1,
      "ColumnSpan": 1,
      "Geometry": {
        "BoundingBox": {
          "Width": 0.08719749003648758,
          "Height": 0.16447368264198303,
          "Left": 0.9090338945388794,
          "Top": 0.8355262875556946
        },
        "Polygon": [
          {
            "X": 0.9090338945388794,
            "Y": 0.8355262875556946
          },
          {
            "X": 0.9962313771247864,
            "Y": 0.8355262875556946
          },
          {
            "X": 0.9962313771247864,
            "Y": 1
          },
          {
            "X": 0.9090338945388794,
            "Y": 1
          }
        ]
      },
      "Id": "37e81f76-d8f7-4f8f-97c1-b7c0c6c0e184",
      "Relationships": [
        {
          "Type": "CHILD",
          "Ids": [
            "2cc289c2-987d-4251-9b2c-1666793fae73"
          ]
        }
      ]
    }
  ],
  "AnalyzeDocumentModelVersion": "1.0"
}